1	а	а	CCONJ	_	_	_	_	_	@nvs1967f-words#@nvs1967f#3537.889#3538.333
2	я	я	PRON	_	Case=Nom|Number=Sing|Person=1	_	_	_	@nvs1967f-words#@nvs1967f#3538.333#3538.777
3	анонсируя	анонсировать	VERB	_	Aspect=Imp|Tense=Pres|VerbForm=Conv|Voice=Act	_	_	_	@nvs1967f-words#@nvs1967f#3538.777#3539.221
4	будущие	будущий	ADJ	_	Animacy=Inan|Case=Acc|Degree=Pos|Number=Plur	_	_	_	@nvs1967f-words#@nvs1967f#3539.221#3539.665
5	/	/	PUNCT	_	_	_	_	_	@nvs1967f-words#@nvs1967f#3539.665#3540.109
6	серии	серия	NOUN	_	Animacy=Inan|Case=Acc|Gender=Fem|Number=Plur	_	_	_	@nvs1967f-words#@nvs1967f#3540.109#3540.553
7	этого	этот	PRON	_	Animacy=Inan|Case=Gen|Gender=Neut|Number=Sing	_	_	_	@nvs1967f-words#@nvs1967f#3540.553#3541.0
8	ээ	ээ	X	_	_	_	_	_	@nvs1967f-words#@nvs1967f#3541.8#3542.093
9	/	/	PUNCT	_	_	_	_	_	@nvs1967f-words#@nvs1967f#3542.093#3542.386
10	документального	документальный	ADJ	_	Case=Gen|Degree=Pos|Gender=Masc|Number=Sing	_	_	_	@nvs1967f-words#@nvs1967f#3542.386#3542.679
11	сериала	сериал	NOUN	_	Animacy=Inan|Case=Gen|Gender=Masc|Number=Sing	_	_	_	@nvs1967f-words#@nvs1967f#3542.679#3542.972
12	хочу	хотеть	VERB	_	Aspect=Imp|Mood=Ind|Number=Sing|Person=1|Tense=Pres|VerbForm=Fin|Voice=Act	_	_	_	@nvs1967f-words#@nvs1967f#3542.972#3543.265
13	вам	вы	PRON	_	Case=Dat|Number=Plur|Person=2	_	_	_	@nvs1967f-words#@nvs1967f#3543.265#3543.558
14	сказать	сказать	VERB	_	Aspect=Perf|VerbForm=Inf|Voice=Act	_	_	_	@nvs1967f-words#@nvs1967f#3543.558#3543.851
15	что	что	SCONJ	_	_	_	_	_	@nvs1967f-words#@nvs1967f#3543.851#3544.144
16	если	если	SCONJ	_	_	_	_	_	@nvs1967f-words#@nvs1967f#3544.144#3544.437
17	бы	бы	PART	_	_	_	_	_	@nvs1967f-words#@nvs1967f#3544.437#3544.73
18	те	тот	DET	_	Case=Nom|Number=Plur	_	_	_	@nvs1967f-words#@nvs1967f#3544.73#3545.023
19	люди	человек	NOUN	_	Animacy=Anim|Case=Nom|Gender=Masc|Number=Plur	_	_	_	@nvs1967f-words#@nvs1967f#3545.023#3545.316
20	/	/	PUNCT	_	_	_	_	_	@nvs1967f-words#@nvs1967f#3545.316#3545.609
21	которых	который	PRON	_	Case=Gen	_	_	_	@nvs1967f-words#@nvs1967f#3545.609#3545.902
22	маленькая	маленький	ADJ	_	Case=Nom|Degree=Pos|Gender=Fem|Number=Sing	_	_	_	@nvs1967f-words#@nvs1967f#3545.902#3546.195
23	/	/	PUNCT	_	_	_	_	_	@nvs1967f-words#@nvs1967f#3546.195#3546.488
24	Люда	Люда	PROPN	_	Animacy=Anim|Case=Nom|Gender=Fem|Number=Sing	_	_	_	@nvs1967f-words#@nvs1967f#3546.488#3546.781
25	приглашала	приглашать	VERB	_	Aspect=Imp|Gender=Fem|Mood=Ind|Number=Sing|Tense=Past|VerbForm=Fin|Voice=Act	_	_	_	@nvs1967f-words#@nvs1967f#3546.781#3547.074
26	через	через	ADP	_	_	_	_	_	@nvs1967f-words#@nvs1967f#3547.074#3547.367
27	20	20	NUM	_	_	_	_	_	@nvs1967f-words#@nvs1967f#3547.367#3547.66
28	лет	год	NOUN	_	Animacy=Inan|Case=Gen|Gender=Masc|Number=Plur	_	_	_	@nvs1967f-words#@nvs1967f#3547.66#3547.953
29	в	в	ADP	_	_	_	_	_	@nvs1967f-words#@nvs1967f#3547.953#3548.246
30	театр	театр	NOUN	_	Animacy=Inan|Case=Acc|Gender=Masc|Number=Sing	_	_	_	@nvs1967f-words#@nvs1967f#3548.246#3548.539
31	/	/	PUNCT	_	_	_	_	_	@nvs1967f-words#@nvs1967f#3548.539#3548.832
32	через	через	ADP	_	_	_	_	_	@nvs1967f-words#@nvs1967f#3548.832#3549.125
33	20	20	NUM	_	_	_	_	_	@nvs1967f-words#@nvs1967f#3549.125#3549.418
34	лет	год	NOUN	_	Animacy=Inan|Case=Gen|Gender=Masc|Number=Plur	_	_	_	@nvs1967f-words#@nvs1967f#3549.418#3549.711
35	пришли	прийти	VERB	_	Aspect=Perf|Mood=Ind|Number=Plur|Tense=Past|VerbForm=Fin|Voice=Act	_	_	_	@nvs1967f-words#@nvs1967f#3549.711#3550.004
36	бы	бы	PART	_	_	_	_	_	@nvs1967f-words#@nvs1967f#3550.004#3550.297
37	в	в	ADP	_	_	_	_	_	@nvs1967f-words#@nvs1967f#3550.297#3550.59
38	театр	театр	NOUN	_	Animacy=Inan|Case=Acc|Gender=Masc|Number=Sing	_	_	_	@nvs1967f-words#@nvs1967f#3550.59#3550.883
39	для того чтобы	для того чтобы	SCONJ	_	_	_	_	_	@nvs1967f-words#@nvs1967f#3550.883#3551.176
40	её	она	PRON	_	Case=Acc|Gender=Fem|Number=Sing|Person=3	_	_	_	@nvs1967f-words#@nvs1967f#3551.762#3552.055
41	увидеть	увидеть	VERB	_	Aspect=Perf|VerbForm=Inf|Voice=Act	_	_	_	@nvs1967f-words#@nvs1967f#3552.055#3552.348
42	/	/	PUNCT	_	_	_	_	_	@nvs1967f-words#@nvs1967f#3552.348#3552.641
43	им	они	PRON	_	Case=Dat|Number=Plur|Person=3	_	_	_	@nvs1967f-words#@nvs1967f#3552.641#3552.934
44	пришлось	прийтись	VERB	_	Aspect=Perf|Gender=Neut|Mood=Ind|Number=Plur|Tense=Past|VerbForm=Fin|Voice=Pass	_	_	_	@nvs1967f-words#@nvs1967f#3552.934#3553.227
45	/	/	PUNCT	_	_	_	_	_	@nvs1967f-words#@nvs1967f#3553.227#3553.52
46	бы	бы	PART	_	_	_	_	_	@nvs1967f-words#@nvs1967f#3553.52#3553.813
47	придти	придти	VERB	_	Aspect=Perf|VerbForm=Inf|Voice=Act	_	_	_	@nvs1967f-words#@nvs1967f#3553.813#3554.106
48	в	в	ADP	_	_	_	_	_	@nvs1967f-words#@nvs1967f#3554.106#3554.399
49	театр	театр	NOUN	_	Animacy=Inan|Case=Acc|Gender=Masc|Number=Sing	_	_	_	@nvs1967f-words#@nvs1967f#3554.399#3554.692
50	Каргопольлага	Каргопольлаг	PROPN	_	Animacy=Inan|Case=Gen|Gender=Masc|Number=Sing	_	_	_	@nvs1967f-words#@nvs1967f#3554.692#3555.0
51	потому	потому	SCONJ	_	_	_	_	_	@nvs1967f-words#@nvs1967f#3543.851#3544.144
52	что	что	SCONJ	_	_	_	_	_	@nvs1967f-words#@nvs1967f#3543.851#3544.144
53	там	там	ADV	_	Degree=Pos	_	_	_	@nvs1967f-words#@nvs1967f#3556.05#3556.375
54	Люда	Люда	PROPN	_	Animacy=Anim|Case=Nom|Gender=Fem|Number=Plur	_	_	_	@nvs1967f-words#@nvs1967f#3556.375#3556.7
55	действительно	действительно	ADV	_	Degree=Pos	_	_	_	@nvs1967f-words#@nvs1967f#3556.7#3557.025
56	была	быть	VERB	_	Aspect=Imp|Gender=Fem|Mood=Ind|Number=Sing|Tense=Past|VerbForm=Fin|Voice=Act	_	_	_	@nvs1967f-words#@nvs1967f#3557.025#3557.35
57	актрисой	актриса	NOUN	_	Animacy=Inan|Case=Ins|Gender=Fem|Number=Sing	_	_	_	@nvs1967f-words#@nvs1967f#3557.35#3557.675
58	/	/	PUNCT	_	_	_	_	_	@nvs1967f-words#@nvs1967f#3557.675#3558.0
59	да	да	PART	_	_	_	_	_	@nvs1967f-words#@nvs1967f#3559.0#3559.2
60	нужно	нужно	PRED	_	_	_	_	_	@nvs1967f-words#@nvs1967f#3621.4#3621.69
61	понимать	понимать	VERB	_	Aspect=Imp|VerbForm=Inf|Voice=Act	_	_	_	@nvs1967f-words#@nvs1967f#3621.69#3621.98
62	что	что	SCONJ	_	_	_	_	_	@nvs1967f-words#@nvs1967f#3621.98#3622.27
63	это	это	PART	_	_	_	_	_	@nvs1967f-words#@nvs1967f#3622.27#3622.56
64	лагерь	лагерь	NOUN	_	Animacy=Inan|Case=Nom|Gender=Masc|Number=Sing	_	_	_	@nvs1967f-words#@nvs1967f#3622.56#3622.85
65	где	где	SCONJ	_	_	_	_	_	@nvs1967f-words#@nvs1967f#3622.85#3623.14
66	находились	находиться	VERB	_	Aspect=Imp|Mood=Ind|Number=Plur|Tense=Past|VerbForm=Fin|Voice=Act	_	_	_	@nvs1967f-words#@nvs1967f#3623.14#3623.43
67	уголовницы	уголовница	NOUN	_	Animacy=Anim|Case=Nom|Gender=Fem|Number=Plur	_	_	_	@nvs1967f-words#@nvs1967f#3623.43#3623.72
68	в	в	CCONJ	_	_	_	_	_	@nvs1967f-words#@nvs1967f#3623.72#3624.01
69	том	том	CCONJ	_	_	_	_	_	@nvs1967f-words#@nvs1967f#3624.01#3624.3
70	числе	числе	NOUN	_	Animacy=Inan|Case=Loc|Gender=Neut|Number=Sing	_	_	_	@nvs1967f-words#@nvs1967f#3624.3#3624.6
71	а	а	CCONJ	_	_	_	_	_	@nvs1967f-words#@nvs1967f#3771.363#3771.63
72	Каргопольлаг	Каргопольлаг	PROPN	_	Animacy=Inan|Case=Nom|Gender=Masc|Number=Sing	_	_	_	@nvs1967f-words#@nvs1967f#3771.63#3771.897
73	/	/	PUNCT	_	_	_	_	_	@nvs1967f-words#@nvs1967f#3771.897#3772.164
74	заметьте	заметить	VERB	_	Aspect=Perf|Mood=Imp|Number=Plur|Person=2|VerbForm=Fin|Voice=Act	_	_	_	@nvs1967f-words#@nvs1967f#3772.164#3772.431
75	/	/	PUNCT	_	_	_	_	_	@nvs1967f-words#@nvs1967f#3772.431#3772.698
76	лесной	лесной	ADJ	_	Case=Nom|Degree=Pos|Gender=Masc|Number=Sing	_	_	_	@nvs1967f-words#@nvs1967f#3772.698#3772.967
77	это	это	PART	_	_	_	_	_	@nvs1967f-words#@nvs1967f#3773.428#3773.756
78	значит	значить	VERB	_	Aspect=Imp|Mood=Ind|Number=Sing|Person=3|Tense=Pres|VerbForm=Fin|Voice=Act	_	_	_	@nvs1967f-words#@nvs1967f#3773.756#3774.084
79	что	что	SCONJ	_	_	_	_	_	@nvs1967f-words#@nvs1967f#3774.084#3774.412
80	та..аа	та	X	_	_	_	_	_	@nvs1967f-words#@nvs1967f#3774.412#3774.74
81	/	/	PUNCT	_	_	_	_	_	@nvs1967f-words#@nvs1967f#3774.74#3775.068
82	что	что	SCONJ	_	_	_	_	_	@nvs1967f-words#@nvs1967f#3775.068#3775.396
83	заключенные	заключенный	NOUN	_	Animacy=Anim|Case=Nom|Gender=Masc|Number=Plur	_	_	_	@nvs1967f-words#@nvs1967f#3775.396#3775.724
84	которые	который	PRON	_	Case=Nom	_	_	_	@nvs1967f-words#@nvs1967f#3775.724#3776.052
85	там	там	ADV	_	Degree=Pos	_	_	_	@nvs1967f-words#@nvs1967f#3776.052#3776.38
86	находятся	находиться	VERB	_	Aspect=Imp|Mood=Ind|Number=Plur|Person=3|Tense=Pres|VerbForm=Fin|Voice=Mid	_	_	_	@nvs1967f-words#@nvs1967f#3776.38#3776.708
87	аа	а	X	_	_	_	_	_	@nvs1967f-words#@nvs1967f#3776.708#3777.036
88	/	/	PUNCT	_	_	_	_	_	@nvs1967f-words#@nvs1967f#3777.036#3777.364
89	работают	работать	VERB	_	Aspect=Imp|Mood=Ind|Number=Plur|Person=3|Tense=Pres|VerbForm=Fin|Voice=Act	_	_	_	@nvs1967f-words#@nvs1967f#3777.364#3777.692
90	либо	либо	CCONJ	_	_	_	_	_	@nvs1967f-words#@nvs1967f#3777.692#3778.02
91	на	на	PART	_	_	_	_	_	@nvs1967f-words#@nvs1967f#3778.02#3778.348
92	лесоповале	лесоповал	NOUN	_	Animacy=Inan|Case=Loc|Gender=Masc|Number=Sing	_	_	_	@nvs1967f-words#@nvs1967f#3778.348#3778.676
93	либо	либо	CCONJ	_	_	_	_	_	@nvs1967f-words#@nvs1967f#3778.676#3779.004
94	на	на	ADP	_	_	_	_	_	@nvs1967f-words#@nvs1967f#3779.004#3779.332
95	какой-то	какой-то	DET	_	Case=Loc|Gender=Fem|Number=Sing	_	_	_	@nvs1967f-words#@nvs1967f#3779.332#3779.66
96	лесообработке	лесообработка	NOUN	_	Animacy=Inan|Case=Loc|Gender=Fem|Number=Sing	_	_	_	@nvs1967f-words#@nvs1967f#3779.66#3779.988
97	либо	либо	CCONJ	_	_	_	_	_	@nvs1967f-words#@nvs1967f#3779.988#3780.316
98	на	на	PART	_	_	_	_	_	@nvs1967f-words#@nvs1967f#3780.316#3780.644
99	погрузке	погрузка	NOUN	_	Animacy=Inan|Case=Loc|Gender=Fem|Number=Sing	_	_	_	@nvs1967f-words#@nvs1967f#3780.644#3780.993
100	аа	а	INTJ	_	_	_	_	_	@nvs1967f-words#@nvs1967f#3781.954#3782.177
101	/	/	PUNCT	_	_	_	_	_	@nvs1967f-words#@nvs1967f#3782.177#3782.4
102	поэтому	поэтому	SCONJ	_	Degree=Pos	_	_	_	@nvs1967f-words#@nvs1967f#3782.4#3782.623
103	вопрос	вопрос	NOUN	_	Animacy=Inan|Case=Nom|Gender=Masc|Number=Sing	_	_	_	@nvs1967f-words#@nvs1967f#3782.623#3782.846
104	что	что	PRON	_	Case=Nom	_	_	_	@nvs1967f-words#@nvs1967f#3782.846#3783.069
105	умеет	уметь	VERB	_	Aspect=Imp|Mood=Ind|Number=Sing|Person=3|Tense=Pres|VerbForm=Fin|Voice=Act	_	_	_	@nvs1967f-words#@nvs1967f#3783.069#3783.292
106	эта	этот	DET	_	Case=Nom|Gender=Fem|Number=Sing	_	_	_	@nvs1967f-words#@nvs1967f#3783.292#3783.515
107	девочка	девочка	NOUN	_	Animacy=Anim|Case=Nom|Gender=Fem|Number=Sing	_	_	_	@nvs1967f-words#@nvs1967f#3783.515#3783.738
108	в общем	в общем	ADV	_	_	_	_	_	@nvs1967f-words#@nvs1967f#3783.738#3783.961
109	/	/	PUNCT	_	_	_	_	_	@nvs1967f-words#@nvs1967f#3784.184#3784.407
110	аа	а	X	_	_	_	_	_	@nvs1967f-words#@nvs1967f#3784.407#3784.63
111	/	/	PUNCT	_	_	_	_	_	@nvs1967f-words#@nvs1967f#3784.63#3784.853
112	означает	означать	VERB	_	Aspect=Imp|Mood=Ind|Number=Sing|Person=3|Tense=Pres|VerbForm=Fin|Voice=Act	_	_	_	@nvs1967f-words#@nvs1967f#3784.853#3785.076
113	пойдет	пойти	VERB	_	Aspect=Perf|Mood=Ind|Number=Sing|Person=3|Tense=Fut|VerbForm=Fin|Voice=Act	_	_	_	@nvs1967f-words#@nvs1967f#3785.076#3785.299
114	эта	этот	DET	_	Case=Nom|Gender=Fem|Number=Sing	_	_	_	@nvs1967f-words#@nvs1967f#3785.299#3785.522
115	девочка	девочка	NOUN	_	Animacy=Anim|Case=Nom|Gender=Fem|Number=Sing	_	_	_	@nvs1967f-words#@nvs1967f#3785.522#3785.745
116	у	у	ADP	_	_	_	_	_	@nvs1967f-words#@nvs1967f#3785.745#3785.968
117	нас	мы	PRON	_	Case=Gen|Number=Plur|Person=1	_	_	_	@nvs1967f-words#@nvs1967f#3785.968#3786.191
118	на	на	ADP	_	_	_	_	_	@nvs1967f-words#@nvs1967f#3786.191#3786.414
119	лесоповал	лесоповал	NOUN	_	Aspect=Imp|Gender=Masc|Mood=Ind|Number=Sing|Tense=Past|VerbForm=Fin|Voice=Act	_	_	_	@nvs1967f-words#@nvs1967f#3786.414#3786.637
120	/	/	PUNCT	_	_	_	_	_	@nvs1967f-words#@nvs1967f#3786.637#3786.86
121	или	или	CCONJ	_	_	_	_	_	@nvs1967f-words#@nvs1967f#3786.86#3787.083
122	она	она	PRON	_	Case=Nom|Gender=Fem|Number=Sing|Person=3	_	_	_	@nvs1967f-words#@nvs1967f#3787.083#3787.306
123	пойдет	пойти	VERB	_	Aspect=Perf|Mood=Ind|Number=Sing|Person=3|Tense=Fut|VerbForm=Fin|Voice=Act	_	_	_	@nvs1967f-words#@nvs1967f#3787.306#3787.529
124	куда-нибудь	куда-нибудь	ADV	_	Degree=Pos	_	_	_	@nvs1967f-words#@nvs1967f#3787.529#3787.752
125	еще	еще	ADV	_	Degree=Pos	_	_	_	@nvs1967f-words#@nvs1967f#3787.752#3788.0
126	да	да	PART	_	_	_	_	_	@lah1929f-words#@lah1929f#3558.1#3558.333
127	/	/	PUNCT	_	_	_	_	_	@lah1929f-words#@lah1929f#3558.333#3558.566
128	было	быть	VERB	_	Aspect=Imp|Gender=Neut|Mood=Ind|Number=Sing|Tense=Past|VerbForm=Fin|Voice=Act	_	_	_	@lah1929f-words#@lah1929f#3558.566#3558.8
129	было	быть	VERB	_	Aspect=Imp|Gender=Neut|Mood=Ind|Number=Sing|Tense=Past|VerbForm=Fin|Voice=Act	_	_	_	@lah1929f-words#@lah1929f#3560.8#3561.0
130	и	и	CCONJ	_	_	_	_	_	@lah1929f-words#@lah1929f#3562.6#3563.083
131	вот	вот	PART	_	_	_	_	_	@lah1929f-words#@lah1929f#3563.083#3563.566
132	опять	опять	ADV	_	Degree=Pos	_	_	_	@lah1929f-words#@lah1929f#3563.566#3564.049
133	/	/	PUNCT	_	_	_	_	_	@lah1929f-words#@lah1929f#3564.049#3564.532
134	Ким	Ким	PROPN	_	Animacy=Anim|Case=Nom|Gender=Masc|Number=Sing	_	_	_	@lah1929f-words#@lah1929f#3564.532#3565.015
135	/	/	PUNCT	_	_	_	_	_	@lah1929f-words#@lah1929f#3565.015#3565.498
136	этот	этот	DET	_	Case=Nom|Gender=Masc|Number=Sing	_	_	_	@lah1929f-words#@lah1929f#3565.498#3565.981
137	Ким	Ким	PROPN	_	Animacy=Anim|Case=Nom|Gender=Masc|Number=Sing	_	_	_	@lah1929f-words#@lah1929f#3565.981#3566.464
138	/	/	PUNCT	_	_	_	_	_	@lah1929f-words#@lah1929f#3566.464#3566.947
139	датчанин	датчанин	NOUN	_	Animacy=Anim|Case=Nom|Gender=Masc|Number=Sing	_	_	_	@lah1929f-words#@lah1929f#3566.947#3567.43
140	/	/	PUNCT	_	_	_	_	_	@lah1929f-words#@lah1929f#3567.43#3567.913
141	живущий	жить	VERB	_	Aspect=Imp|Case=Nom|Gender=Masc|Number=Sing|Tense=Pres|VerbForm=Part|Voice=Act	_	_	_	@lah1929f-words#@lah1929f#3567.913#3568.396
142	в	в	ADP	_	_	_	_	_	@lah1929f-words#@lah1929f#3568.396#3568.879
143	другом	другой	ADJ	_	Case=Loc|Degree=Pos|Gender=Masc|Number=Sing	_	_	_	@lah1929f-words#@lah1929f#3568.879#3569.362
144	мире	мир	NOUN	_	Animacy=Inan|Case=Loc|Gender=Masc|Number=Sing	_	_	_	@lah1929f-words#@lah1929f#3569.362#3569.845
145	другой	другой	ADJ	_	Case=Ins|Degree=Pos|Gender=Fem|Number=Sing	_	_	_	@lah1929f-words#@lah1929f#3569.845#3570.328
146	жизнью	жизнь	NOUN	_	Animacy=Inan|Case=Ins|Gender=Fem|Number=Sing	_	_	_	@lah1929f-words#@lah1929f#3570.328#3570.811
147	/	/	PUNCT	_	_	_	_	_	@lah1929f-words#@lah1929f#3570.811#3571.294
148	ничего	ничто	PRON	_	Case=Gen	_	_	_	@lah1929f-words#@lah1929f#3571.294#3571.777
149	вообще	вообще	ADV	_	Degree=Pos	_	_	_	@lah1929f-words#@lah1929f#3571.777#3572.26
150	вот	вот	PART	_	_	_	_	_	@lah1929f-words#@lah1929f#3572.26#3572.743
151	тебе	ты	PRON	_	Case=Dat|Number=Sing|Person=2	_	_	_	@lah1929f-words#@lah1929f#3572.743#3573.226
152	рассказывает	рассказывать	VERB	_	Aspect=Imp|Mood=Ind|Number=Sing|Person=3|Tense=Pres|VerbForm=Fin|Voice=Act	_	_	_	@lah1929f-words#@lah1929f#3573.226#3573.709
153	человек	человек	NOUN	_	Animacy=Anim|Case=Nom|Gender=Masc|Number=Sing	_	_	_	@lah1929f-words#@lah1929f#3573.709#3574.192
154	который	который	ADJ	_	Case=Nom	_	_	_	@lah1929f-words#@lah1929f#3574.192#3574.675
155	это	это	PRON	_	Animacy=Inan|Case=Acc|Gender=Neut|Number=Sing	_	_	_	@lah1929f-words#@lah1929f#3574.675#3575.158
156	прошел	пройти	VERB	_	Aspect=Perf|Gender=Masc|Mood=Ind|Number=Sing|Tense=Past|VerbForm=Fin|Voice=Act	_	_	_	@lah1929f-words#@lah1929f#3575.158#3575.641
157	/	/	PUNCT	_	_	_	_	_	@lah1929f-words#@lah1929f#3575.641#3576.124
158	что	что	SCONJ	_	_	_	_	_	@lah1929f-words#@lah1929f#3576.124#3576.607
159	он	он	PRON	_	Case=Nom|Gender=Masc|Number=Sing|Person=3	_	_	_	@lah1929f-words#@lah1929f#3576.607#3577.09
160	пишет	писать	VERB	_	Aspect=Imp|Mood=Ind|Number=Sing|Person=3|Tense=Pres|VerbForm=Fin|Voice=Act	_	_	_	@lah1929f-words#@lah1929f#3577.09#3577.6
161	я	я	PRON	_	Case=Nom|Number=Sing|Person=1	_	_	_	@lah1929f-words#@lah1929f#3579.4#3579.796
162	попала	попасть	VERB	_	Aspect=Perf|Gender=Fem|Mood=Ind|Number=Sing|Tense=Past|VerbForm=Fin|Voice=Act	_	_	_	@lah1929f-words#@lah1929f#3579.796#3580.192
163	в	в	ADP	_	_	_	_	_	@lah1929f-words#@lah1929f#3580.192#3580.588
164	этот	этот	DET	_	Case=Acc|Gender=Masc|Number=Sing	_	_	_	@lah1929f-words#@lah1929f#3580.588#3580.984
165	театр	театр	NOUN	_	Animacy=Inan|Case=Acc|Gender=Masc|Number=Sing	_	_	_	@lah1929f-words#@lah1929f#3580.984#3581.38
166	не	не	PART	_	_	_	_	_	@lah1929f-words#@lah1929f#3581.38#3581.776
167	за	за	ADP	_	_	_	_	_	@lah1929f-words#@lah1929f#3581.776#3582.172
168	свои	свой	DET	_	Case=Acc|Number=Plur	_	_	_	@lah1929f-words#@lah1929f#3582.172#3582.568
169	какие-то	какой-то	PRON	_	Case=Acc|Number=Plur	_	_	_	@lah1929f-words#@lah1929f#3582.568#3582.964
170	/	/	PUNCT	_	_	_	_	_	@lah1929f-words#@lah1929f#3582.964#3583.36
171	заслуги	заслуга	NOUN	_	Animacy=Inan|Case=Acc|Gender=Fem|Number=Plur	_	_	_	@lah1929f-words#@lah1929f#3583.36#3583.766
172	я	я	PRON	_	Case=Nom|Number=Sing|Person=1	_	_	_	@lah1929f-words#@lah1929f#3584.0#3584.327
173	была	быть	VERB	_	Aspect=Imp|Gender=Fem|Mood=Ind|Number=Sing|Tense=Past|VerbForm=Fin|Voice=Act	_	_	_	@lah1929f-words#@lah1929f#3584.327#3584.654
174	в	в	ADP	_	_	_	_	_	@lah1929f-words#@lah1929f#3584.654#3584.981
175	карантине	карантин	NOUN	_	Animacy=Inan|Case=Loc|Gender=Fem|Number=Sing	_	_	_	@lah1929f-words#@lah1929f#3584.981#3585.308
176	/	/	PUNCT	_	_	_	_	_	@lah1929f-words#@lah1929f#3585.308#3585.635
177	и	и	CCONJ	_	_	_	_	_	@lah1929f-words#@lah1929f#3585.635#3585.962
178	вообще	вообще	ADV	_	Degree=Pos	_	_	_	@lah1929f-words#@lah1929f#3585.962#3586.289
179	еще	еще	ADV	_	Degree=Pos	_	_	_	@lah1929f-words#@lah1929f#3586.289#3586.616
180	/	/	PUNCT	_	_	_	_	_	@lah1929f-words#@lah1929f#3586.616#3586.943
181	ни	ни	CCONJ	_	_	_	_	_	@lah1929f-words#@lah1929f#3586.943#3587.27
182	сном	сон	NOUN	_	Animacy=Inan|Case=Ins|Gender=Masc|Number=Sing	_	_	_	@lah1929f-words#@lah1929f#3587.27#3587.597
183	ни	ни	CCONJ	_	_	_	_	_	@lah1929f-words#@lah1929f#3587.597#3587.924
184	духом	дух	NOUN	_	Animacy=Inan|Case=Ins|Gender=Masc|Number=Sing	_	_	_	@lah1929f-words#@lah1929f#3587.924#3588.251
185	не	не	PART	_	_	_	_	_	@lah1929f-words#@lah1929f#3588.251#3588.578
186	знала	знать	VERB	_	Aspect=Imp|Gender=Fem|Mood=Ind|Number=Sing|Tense=Past|VerbForm=Fin|Voice=Act	_	_	_	@lah1929f-words#@lah1929f#3588.578#3588.905
187	/	/	PUNCT	_	_	_	_	_	@lah1929f-words#@lah1929f#3588.905#3589.232
188	про	про	ADP	_	_	_	_	_	@lah1929f-words#@lah1929f#3589.232#3589.559
189	этот	этот	DET	_	Case=Acc|Gender=Masc|Number=Sing	_	_	_	@lah1929f-words#@lah1929f#3589.559#3589.886
190	театр	театр	NOUN	_	Animacy=Inan|Case=Acc|Gender=Masc|Number=Sing	_	_	_	@lah1929f-words#@lah1929f#3589.886#3590.213
191	ни	ни	PART	_	_	_	_	_	@lah1929f-words#@lah1929f#3590.213#3590.54
192	про	про	ADP	_	_	_	_	_	@lah1929f-words#@lah1929f#3590.54#3590.867
193	что	что	PRON	_	Case=Nom	_	_	_	@lah1929f-words#@lah1929f#3590.867#3591.2
194	просто	просто	PART	_	_	_	_	_	@lah1929f-words#@lah1929f#3591.8#3592.29
195	/	/	PUNCT	_	_	_	_	_	@lah1929f-words#@lah1929f#3592.29#3592.78
196	так	так	ADV	_	Degree=Pos	_	_	_	@lah1929f-words#@lah1929f#3592.78#3593.27
197	/	/	PUNCT	_	_	_	_	_	@lah1929f-words#@lah1929f#3593.27#3593.76
198	хорошо	хорошо	ADV	_	Degree=Pos	_	_	_	@lah1929f-words#@lah1929f#3593.76#3594.25
199	сложилось	сложиться	VERB	_	Aspect=Perf|Gender=Neut|Mood=Ind|Number=Sing|Tense=Past|VerbForm=Fin|Voice=Act	_	_	_	@lah1929f-words#@lah1929f#3594.25#3594.74
200	/	/	PUNCT	_	_	_	_	_	@lah1929f-words#@lah1929f#3594.74#3595.23
201	одна	один	DET	_	Case=Nom|Degree=Pos|Gender=Fem|Number=Sing	_	_	_	@lah1929f-words#@lah1929f#3595.23#3595.72
202	/	/	PUNCT	_	_	_	_	_	@lah1929f-words#@lah1929f#3595.72#3596.21
203	женщина	женщина	NOUN	_	Animacy=Anim|Case=Nom|Gender=Fem|Number=Sing	_	_	_	@lah1929f-words#@lah1929f#3596.21#3596.7
204	освобождалась	освобождаться	VERB	_	Aspect=Perf|Gender=Fem|Mood=Ind|Number=Sing|Tense=Past|VerbForm=Fin|Voice=Mid	_	_	_	@lah1929f-words#@lah1929f#3596.7#3597.2
205	и	и	CCONJ	_	_	_	_	_	@lah1929f-words#@lah1929f#3598.0#3598.4
206	/	/	PUNCT	_	_	_	_	_	@lah1929f-words#@lah1929f#3598.4#3598.8
207	а	а	CCONJ	_	_	_	_	_	@lah1929f-words#@lah1929f#3598.8#3599.2
208	я	я	PRON	_	Case=Nom|Number=Sing|Person=1	_	_	_	@lah1929f-words#@lah1929f#3599.2#3599.6
209	подралась	подраться	VERB	_	Aspect=Perf|Gender=Fem|Mood=Ind|Number=Sing|Tense=Past|VerbForm=Fin|Voice=Act	_	_	_	@lah1929f-words#@lah1929f#3599.6#3600.0
210	в	в	ADP	_	_	_	_	_	@lah1929f-words#@lah1929f#3600.0#3600.4
211	бараке	барак	NOUN	_	Animacy=Inan|Case=Loc|Gender=Fem|Number=Sing	_	_	_	@lah1929f-words#@lah1929f#3600.4#3600.8
212	/	/	PUNCT	_	_	_	_	_	@lah1929f-words#@lah1929f#3600.8#3601.2
213	в	в	ADP	_	_	_	_	_	@lah1929f-words#@lah1929f#3601.2#3601.6
214	этом	этот	DET	_	Animacy=Inan|Case=Loc|Gender=Masc|Number=Sing	_	_	_	@lah1929f-words#@lah1929f#3601.6#3602.0
215	да	да	PART	_	_	_	_	_	@lah1929f-words#@lah1929f#3603.6#3604.0
216	ну	ну	PART	_	_	_	_	_	@lah1929f-words#@lah1929f#3605.2#3605.5
217	/	/	PUNCT	_	_	_	_	_	@lah1929f-words#@lah1929f#3605.5#3605.8
218	за	за	ADP	_	_	_	_	_	@lah1929f-words#@lah1929f#3605.8#3606.1
219	дело	дело	NOUN	_	Animacy=Inan|Case=Acc|Gender=Neut|Number=Sing	_	_	_	@lah1929f-words#@lah1929f#3606.1#3606.4
220	ну	ну	INTJ	_	_	_	_	_	@lah1929f-words#@lah1929f#3608.2#3608.64
221	как-то	как-то	ADV	_	Degree=Pos	_	_	_	@lah1929f-words#@lah1929f#3608.64#3609.08
222	я	я	PRON	_	Case=Nom|Number=Sing|Person=1	_	_	_	@lah1929f-words#@lah1929f#3609.08#3609.52
223	сразу	сразу	ADV	_	Degree=Pos	_	_	_	@lah1929f-words#@lah1929f#3609.52#3609.96
224	прославилась	прославиться	VERB	_	Aspect=Perf|Gender=Fem|Mood=Ind|Number=Sing|Tense=Past|VerbForm=Fin|Voice=Mid	_	_	_	@lah1929f-words#@lah1929f#3609.96#3610.4
225	ну	ну	PART	_	_	_	_	_	@lah1929f-words#@lah1929f#3611.8#3612.114
226	зато	зато	SCONJ	_	_	_	_	_	@lah1929f-words#@lah1929f#3612.114#3612.428
227	/	/	PUNCT	_	_	_	_	_	@lah1929f-words#@lah1929f#3612.428#3612.742
228	они	они	PRON	_	Case=Nom|Number=Plur|Person=3	_	_	_	@lah1929f-words#@lah1929f#3612.742#3613.056
229	так	так	PART	_	Degree=Pos	_	_	_	@lah1929f-words#@lah1929f#3613.056#3613.37
230	показывали	показывать	VERB	_	Aspect=Imp|Mood=Ind|Number=Plur|Tense=Past|VerbForm=Fin|Voice=Act	_	_	_	@lah1929f-words#@lah1929f#3613.37#3613.684
231	но	но	CCONJ	_	_	_	_	_	@lah1929f-words#@lah1929f#3613.684#3613.998
232	меня	я	PRON	_	Case=Acc|Number=Sing|Person=1	_	_	_	@lah1929f-words#@lah1929f#3613.998#3614.312
233	никто	никто	PRON	_	Case=Nom	_	_	_	@lah1929f-words#@lah1929f#3614.312#3614.626
234	не	не	PART	_	_	_	_	_	@lah1929f-words#@lah1929f#3614.626#3614.94
235	трогал	трогать	VERB	_	Aspect=Imp|Gender=Masc|Mood=Ind|Number=Sing|Tense=Past|VerbForm=Fin|Voice=Act	_	_	_	@lah1929f-words#@lah1929f#3614.94#3615.254
236	/	/	PUNCT	_	_	_	_	_	@lah1929f-words#@lah1929f#3615.254#3615.568
237	ни	ни	CCONJ	_	_	_	_	_	@lah1929f-words#@lah1929f#3615.568#3615.882
238	разу	раз	NOUN	_	Animacy=Inan|Case=Par|Gender=Masc|Number=Sing	_	_	_	@lah1929f-words#@lah1929f#3615.882#3616.2
239	это	это	PRON	_	Animacy=Inan|Case=Nom|Gender=Neut|Number=Sing	_	_	_	@lah1929f-words#@lah1929f#3616.8#3617.142
240	очень	очень	ADV	_	Degree=Pos	_	_	_	@lah1929f-words#@lah1929f#3617.142#3617.484
241	хорошо	хорошо	ADV	_	Degree=Pos	_	_	_	@lah1929f-words#@lah1929f#3617.484#3617.826
242	/	/	PUNCT	_	_	_	_	_	@lah1929f-words#@lah1929f#3617.826#3618.168
243	говорили	говорить	VERB	_	Aspect=Imp|Mood=Ind|Number=Plur|Tense=Past|VerbForm=Fin|Voice=Act	_	_	_	@lah1929f-words#@lah1929f#3618.168#3618.51
244	она	она	PRON	_	Case=Nom|Gender=Fem|Number=Sing|Person=3	_	_	_	@lah1929f-words#@lah1929f#3618.51#3618.852
245	чокнутая	чокнутый	ADJ	_	Animacy=Anim|Case=Nom|Degree=Pos|Gender=Fem|Number=Sing	_	_	_	@lah1929f-words#@lah1929f#3618.852#3619.2
246	и	и	CCONJ	_	_	_	_	_	@lah1929f-words#@lah1929f#3620.4#3620.7
247	вот	вот	PART	_	_	_	_	_	@lah1929f-words#@lah1929f#3620.7#3621.0
248	эта	этот	DET	_	Case=Nom|Gender=Fem|Number=Sing	_	_	_	@lah1929f-words#@lah1929f#3621.0#3621.3
249	#одновременно#	#одновременно#	X	_	_	_	_	_	@lah1929f-words#@lah1929f#3621.3#3621.6
250	да	да	PART	_	_	_	_	_	@lah1929f-words#@lah1929f#3625.4#3625.74
251	/	/	PUNCT	_	_	_	_	_	@lah1929f-words#@lah1929f#3625.74#3626.08
252	я	я	PRON	_	Case=Nom|Number=Sing|Person=1	_	_	_	@lah1929f-words#@lah1929f#3626.08#3626.42
253	не	не	PART	_	_	_	_	_	@lah1929f-words#@lah1929f#3626.42#3626.76
254	в	в	ADP	_	_	_	_	_	@lah1929f-words#@lah1929f#3626.76#3627.1
255	политическом	политический	ADJ	_	Case=Loc|Degree=Pos|Gender=Masc|Number=Sing	_	_	_	@lah1929f-words#@lah1929f#3627.1#3627.44
256	лагере	лагерь	NOUN	_	Animacy=Inan|Case=Loc|Gender=Masc|Number=Sing	_	_	_	@lah1929f-words#@lah1929f#3627.44#3627.78
257	была	быть	VERB	_	Aspect=Imp|Gender=Fem|Mood=Ind|Number=Sing|Tense=Past|VerbForm=Fin|Voice=Act	_	_	_	@lah1929f-words#@lah1929f#3627.78#3628.12
258	/	/	PUNCT	_	_	_	_	_	@lah1929f-words#@lah1929f#3628.12#3628.46
259	что	что	SCONJ	_	_	_	_	_	@lah1929f-words#@lah1929f#3628.46#3628.8
260	к	к	ADP	_	_	_	_	_	@lah1929f-words#@lah1929f#3628.8#3629.14
261	счастью	счастье	NOUN	_	Animacy=Inan|Case=Dat|Gender=Neut|Number=Sing	_	_	_	@lah1929f-words#@lah1929f#3629.14#3629.48
262	/	/	PUNCT	_	_	_	_	_	@lah1929f-words#@lah1929f#3629.48#3629.82
263	для	для	ADP	_	_	_	_	_	@lah1929f-words#@lah1929f#3629.82#3630.16
264	меня	я	PRON	_	Case=Gen|Number=Sing|Person=1	_	_	_	@lah1929f-words#@lah1929f#3630.16#3630.5
265	я	я	PRON	_	Case=Nom|Number=Sing|Person=1	_	_	_	@lah1929f-words#@lah1929f#3630.8#3631.1
266	считаю	считать	VERB	_	Aspect=Imp|Mood=Ind|Number=Sing|Person=1|Tense=Pres|VerbForm=Fin|Voice=Act	_	_	_	@lah1929f-words#@lah1929f#3631.1#3631.4
267	что	что	SCONJ	_	_	_	_	_	@lah1929f-words#@lah1929f#3631.4#3631.7
268	надо	надо	PRED	_	Degree=Pos	_	_	_	@lah1929f-words#@lah1929f#3631.7#3632.0
269	не	не	PART	_	_	_	_	_	@lah1929f-words#@lah1929f#3634.2#3634.63
270	думаю	думать	VERB	_	Aspect=Imp|Mood=Ind|Number=Sing|Person=1|Tense=Pres|VerbForm=Fin|Voice=Act	_	_	_	@lah1929f-words#@lah1929f#3634.63#3635.06
271	/	/	PUNCT	_	_	_	_	_	@lah1929f-words#@lah1929f#3635.06#3635.49
272	я	я	PRON	_	Case=Nom|Number=Sing|Person=1	_	_	_	@lah1929f-words#@lah1929f#3635.49#3635.92
273	не	не	PART	_	_	_	_	_	@lah1929f-words#@lah1929f#3635.92#3636.35
274	была	быть	AUX	_	Aspect=Imp|Gender=Fem|Mood=Ind|Number=Sing|Tense=Past|VerbForm=Fin|Voice=Act	_	_	_	@lah1929f-words#@lah1929f#3636.35#3636.78
275	политичсекой	политический	ADJ	_	Animacy=Inan|Case=Ins|Gender=Fem|Number=Sing	_	_	_	@lah1929f-words#@lah1929f#3636.78#3637.21
276	заключенной	заключенный	NOUN	_	Animacy=Anim|Case=	_	_	_	@lah1929f-words#@lah1929f#3637.21#3637.64
277	у	у	ADP	_	_	_	_	_	@lah1929f-words#@lah1929f#3637.64#3638.07
278	меня	я	PRON	_	Case=Gen|Number=Sing|Person=1	_	_	_	@lah1929f-words#@lah1929f#3638.07#3638.5
279	просто	просто	PART	_	_	_	_	_	@lah1929f-words#@lah1929f#3638.5#3638.93
280	статья	статья	NOUN	_	Animacy=Inan|Case=Nom|Gender=Fem|Number=Sing	_	_	_	@lah1929f-words#@lah1929f#3638.93#3639.36
281	была	быть	AUX	_	Aspect=Imp|Gender=Fem|Mood=Ind|Number=Sing|Tense=Past|VerbForm=Fin|Voice=Act	_	_	_	@lah1929f-words#@lah1929f#3639.36#3639.8
282	ну	ну	PART	_	_	_	_	_	@lah1929f-words#@lah1929f#3640.6#3641.066
283	никак	никак	ADV	_	Degree=Pos	_	_	_	@lah1929f-words#@lah1929f#3641.066#3641.532
284	я	я	PRON	_	Case=Nom|Number=Sing|Person=1	_	_	_	@lah1929f-words#@lah1929f#3641.532#3642.0
285	нет	нет	PART	_	_	_	_	_	@lah1929f-words#@lah1929f#3643.6#3643.9
286	/	/	PUNCT	_	_	_	_	_	@lah1929f-words#@lah1929f#3643.9#3644.2
287	я	я	PRON	_	Case=Nom|Number=Sing|Person=1	_	_	_	@lah1929f-words#@lah1929f#3644.2#3644.5
288	ни	ни	CCONJ	_	_	_	_	_	@lah1929f-words#@lah1929f#3644.5#3644.8
289	ни	ни	CCONJ	_	_	_	_	_	@lah1929f-words#@lah1929f#3644.8#3645.1
290	в	в	ADP	_	_	_	_	_	@lah1929f-words#@lah1929f#3645.1#3645.4
291	чем	что	PRON	_	Case=Loc	_	_	_	@lah1929f-words#@lah1929f#3645.4#3645.7
292	не	не	PART	_	_	_	_	_	@lah1929f-words#@lah1929f#3645.7#3646.0
293	замешана	замешать	VERB	_	Aspect=Perf|Gender=Fem|Number=Sing|Tense=Past|Variant=Short|VerbForm=Part|Voice=Pass	_	_	_	@lah1929f-words#@lah1929f#3646.0#3646.3
294	была	быть	AUX	_	Aspect=Imp|Gender=Fem|Mood=Ind|Number=Sing|Tense=Past|VerbForm=Fin|Voice=Act	_	_	_	@lah1929f-words#@lah1929f#3646.3#3646.6
295	и	и	CCONJ	_	_	_	_	_	@lah1929f-words#@lah1929f#3647.714#3648.097
296	вот	вот	PART	_	_	_	_	_	@lah1929f-words#@lah1929f#3648.097#3648.48
297	она	она	PRON	_	Case=Nom|Gender=Fem|Number=Sing|Person=3	_	_	_	@lah1929f-words#@lah1929f#3648.48#3648.863
298	передала	передать	VERB	_	Aspect=Imp|Gender=Fem|Mood=Ind|Number=Sing|Tense=Past|VerbForm=Fin|Voice=Act	_	_	_	@lah1929f-words#@lah1929f#3648.863#3649.246
299	моим	мой	PRON	_	Case=Dat|Number=Plur	_	_	_	@lah1929f-words#@lah1929f#3649.246#3649.629
300	родителям	родитель	NOUN	_	Animacy=Anim|Case=Dat|Gender=Neut|Number=Plur	_	_	_	@lah1929f-words#@lah1929f#3649.629#3650.012
301	записку	записка	NOUN	_	Animacy=Inan|Case=Acc|Gender=Fem|Number=Sing	_	_	_	@lah1929f-words#@lah1929f#3650.012#3650.395
302	/	/	PUNCT	_	_	_	_	_	@lah1929f-words#@lah1929f#3650.395#3650.778
303	что	что	SCONJ	_	_	_	_	_	@lah1929f-words#@lah1929f#3650.778#3651.161
304	мне	я	PRON	_	Case=Dat|Number=Sing|Person=1	_	_	_	@lah1929f-words#@lah1929f#3651.161#3651.544
305	дали	дать	VERB	_	Aspect=Perf|Mood=Ind|Number=Plur|Tense=Past|VerbForm=Fin|Voice=Act	_	_	_	@lah1929f-words#@lah1929f#3651.544#3651.927
306	8	8	NUM	_	_	_	_	_	@lah1929f-words#@lah1929f#3651.927#3652.31
307	лет	год	NOUN	_	Animacy=Inan|Case=Gen|Gender=Masc|Number=Plur	_	_	_	@lah1929f-words#@lah1929f#3652.31#3652.693
308	/	/	PUNCT	_	_	_	_	_	@lah1929f-words#@lah1929f#3652.693#3653.076
309	и	и	CCONJ	_	_	_	_	_	@lah1929f-words#@lah1929f#3653.076#3653.459
310	сижу	сидеть	VERB	_	Aspect=Imp|Mood=Ind|Number=Sing|Person=1|Tense=Pres|VerbForm=Fin|Voice=Act	_	_	_	@lah1929f-words#@lah1929f#3653.459#3653.842
311	я	я	PRON	_	Case=Nom|Number=Sing|Person=1	_	_	_	@lah1929f-words#@lah1929f#3653.842#3654.225
312	в	в	ADP	_	_	_	_	_	@lah1929f-words#@lah1929f#3654.225#3654.608
313	Каргопольлаге	Каргопольлаг	PROPN	_	Animacy=Inan|Case=Loc|Gender=Masc|Number=Sing	_	_	_	@lah1929f-words#@lah1929f#3654.608#3654.991
314	/	/	PUNCT	_	_	_	_	_	@lah1929f-words#@lah1929f#3654.991#3655.374
315	и	и	CCONJ	_	_	_	_	_	@lah1929f-words#@lah1929f#3655.374#3655.757
316	может	мочь	ADV	_	Aspect=Imp|Mood=Ind|Number=Sing|Person=3|Tense=Pres|VerbForm=Fin|Voice=Act	_	_	_	@lah1929f-words#@lah1929f#3655.757#3656.14
317	быть	быть	VERB	_	Aspect=Imp|VerbForm=Inf|Voice=Act	_	_	_	@lah1929f-words#@lah1929f#3655.757#3656.14
318	/	/	PUNCT	_	_	_	_	_	@lah1929f-words#@lah1929f#3656.523#3656.906
319	мне	я	PRON	_	Case=Dat|Number=Sing|Person=1	_	_	_	@lah1929f-words#@lah1929f#3656.906#3657.289
320	/	/	PUNCT	_	_	_	_	_	@lah1929f-words#@lah1929f#3657.289#3657.672
321	лучше	хорошо	ADV	_	Degree=Cmp	_	_	_	@lah1929f-words#@lah1929f#3657.672#3658.055
322	/	/	PUNCT	_	_	_	_	_	@lah1929f-words#@lah1929f#3658.055#3658.438
323	от	от	ADP	_	_	_	_	_	@lah1929f-words#@lah1929f#3658.438#3658.821
324	вас	вы	PRON	_	Case=Gen|Number=Plur|Person=2	_	_	_	@lah1929f-words#@lah1929f#3658.821#3659.204
325	отказаться	отказаться	VERB	_	Aspect=Perf|VerbForm=Inf|Voice=Mid	_	_	_	@lah1929f-words#@lah1929f#3659.204#3659.6
326	так	так	ADV	_	Degree=Pos	_	_	_	@lah1929f-words#@lah1929f#3661.8#3662.08
327	я	я	PRON	_	Case=Nom|Number=Sing|Person=1	_	_	_	@lah1929f-words#@lah1929f#3662.08#3662.36
328	/	/	PUNCT	_	_	_	_	_	@lah1929f-words#@lah1929f#3662.36#3662.64
329	им	они	PRON	_	Case=Dat|Number=Plur|Person=3	_	_	_	@lah1929f-words#@lah1929f#3662.64#3662.92
330	написала	написать	VERB	_	Aspect=Perf|Gender=Fem|Mood=Ind|Number=Sing|Tense=Past|VerbForm=Fin|Voice=Act	_	_	_	@lah1929f-words#@lah1929f#3662.92#3663.2
331	и	и	CCONJ	_	_	_	_	_	@lah1929f-words#@lah1929f#3663.6#3663.927
332	отец	отец	NOUN	_	Animacy=Anim|Case=Nom|Gender=Masc|Number=Sing	_	_	_	@lah1929f-words#@lah1929f#3663.927#3664.254
333	тут	тут	ADV	_	Degree=Pos	_	_	_	@lah1929f-words#@lah1929f#3664.254#3664.581
334	же	же	PART	_	_	_	_	_	@lah1929f-words#@lah1929f#3664.581#3664.908
335	приехал	приехать	VERB	_	Aspect=Perf|Gender=Masc|Mood=Ind|Number=Sing|Tense=Past|VerbForm=Fin|Voice=Act	_	_	_	@lah1929f-words#@lah1929f#3664.908#3665.235
336	ко	к	ADP	_	_	_	_	_	@lah1929f-words#@lah1929f#3665.235#3665.562
337	мне	я	PRON	_	Case=Dat|Number=Sing|Person=1	_	_	_	@lah1929f-words#@lah1929f#3665.562#3665.89
338	и	и	CCONJ	_	_	_	_	_	@lah1929f-words#@lah1929f#3666.5#3667.0
339	когда	когда	SCONJ	_	_	_	_	_	@lah1929f-words#@lah1929f#3667.0#3667.5
340	он	он	PRON	_	Case=Nom|Gender=Masc|Number=Sing|Person=3	_	_	_	@lah1929f-words#@lah1929f#3667.5#3668.0
341	пошел	пойти	VERB	_	Aspect=Perf|Gender=Masc|Mood=Ind|Number=Sing|Tense=Past|VerbForm=Fin|Voice=Act	_	_	_	@lah1929f-words#@lah1929f#3668.0#3668.5
342	получать	получать	VERB	_	Aspect=Imp|VerbForm=Inf|Voice=Act	_	_	_	@lah1929f-words#@lah1929f#3668.5#3669.0
343	это	этот	DET	_	Case=Acc|Gender=Neut|Number=Sing	_	_	_	@lah1929f-words#@lah1929f#3669.0#3669.5
344	разрешение	разрешение	NOUN	_	Animacy=Inan|Case=Acc|Gender=Neut|Number=Sing	_	_	_	@lah1929f-words#@lah1929f#3669.5#3670.0
345	на	на	ADP	_	_	_	_	_	@lah1929f-words#@lah1929f#3670.0#3670.5
346	свидание	свидание	NOUN	_	Animacy=Inan|Case=Acc|Gender=Neut|Number=Sing	_	_	_	@lah1929f-words#@lah1929f#3670.5#3671.0
347	вот	вот	PART	_	_	_	_	_	@lah1929f-words#@lah1929f#3671.5#3671.813
348	так	так	ADV	_	Degree=Pos	_	_	_	@lah1929f-words#@lah1929f#3671.813#3672.126
349	бывает	бывать	VERB	_	Aspect=Imp|Mood=Ind|Number=Sing|Person=3|Tense=Pres|VerbForm=Fin|Voice=Act	_	_	_	@lah1929f-words#@lah1929f#3672.126#3672.44
350	этот	этот	DET	_	Case=Nom|Gender=Masc|Number=Sing	_	_	_	@lah1929f-words#@lah1929f#3673.4#3673.933
351	полковник	полковник	NOUN	_	Animacy=Anim|Case=Nom|Gender=Masc|Number=Sing	_	_	_	@lah1929f-words#@lah1929f#3673.933#3674.466
352	Коробицин	Коробицин	PROPN	_	Animacy=Anim|Case=Nom|Gender=Masc|Number=Sing	_	_	_	@lah1929f-words#@lah1929f#3674.466#3674.999
353	/	/	PUNCT	_	_	_	_	_	@lah1929f-words#@lah1929f#3674.999#3675.532
354	начальник	начальник	NOUN	_	Animacy=Anim|Case=Nom|Gender=Masc|Number=Sing	_	_	_	@lah1929f-words#@lah1929f#3675.532#3676.065
355	Каргопольлаг	Каргопольлаг	PROPN	_	Animacy=Inan|Case=Gen|Gender=Masc|Number=Sing	_	_	_	@lah1929f-words#@lah1929f#3676.065#3676.6
356	мы	мы	PRON	_	Case=Nom|Number=Plur|Person=1	_	_	_	@lah1929f-words#@lah1929f#3677.85#3678.163
357	его	он	PRON	_	Case=Acc|Gender=Masc|Number=Sing|Person=3	_	_	_	@lah1929f-words#@lah1929f#3678.163#3678.476
358	никто	никто	PRON	_	Case=Nom	_	_	_	@lah1929f-words#@lah1929f#3678.476#3678.789
359	не	не	PART	_	_	_	_	_	@lah1929f-words#@lah1929f#3678.789#3679.102
360	видел	видеть	VERB	_	Aspect=Imp|Gender=Masc|Mood=Ind|Number=Sing|Tense=Past|VerbForm=Fin|Voice=Act	_	_	_	@lah1929f-words#@lah1929f#3679.102#3679.415
361	иногда	иногда	ADV	_	Degree=Pos	_	_	_	@lah1929f-words#@lah1929f#3679.415#3679.728
362	спрашивали	спрашивать	VERB	_	Aspect=Imp|Mood=Ind|Number=Plur|Tense=Past|VerbForm=Fin|Voice=Act	_	_	_	@lah1929f-words#@lah1929f#3679.728#3680.041
363	/	/	PUNCT	_	_	_	_	_	@lah1929f-words#@lah1929f#3680.041#3680.354
364	сколько	сколько	PRON	_	_	_	_	_	@lah1929f-words#@lah1929f#3680.354#3680.667
365	ему	он	PRON	_	Case=Dat|Gender=Masc|Number=Sing|Person=3	_	_	_	@lah1929f-words#@lah1929f#3680.667#3680.98
366	лет	год	NOUN	_	Animacy=Inan|Case=Gen|Gender=Masc|Number=Plur	_	_	_	@lah1929f-words#@lah1929f#3680.98#3681.293
367	/	/	PUNCT	_	_	_	_	_	@lah1929f-words#@lah1929f#3681.293#3681.606
368	а	а	CCONJ	_	_	_	_	_	@lah1929f-words#@lah1929f#3681.606#3681.919
369	ты	ты	PRON	_	Case=Nom|Number=Sing|Person=2	_	_	_	@lah1929f-words#@lah1929f#3681.919#3682.232
370	его	он	PRON	_	Case=Acc|Gender=Masc|Number=Sing|Person=3	_	_	_	@lah1929f-words#@lah1929f#3682.232#3682.545
371	видела	видеть	VERB	_	Aspect=Imp|Gender=Fem|Mood=Ind|Number=Sing|Tense=Past|VerbForm=Fin|Voice=Act	_	_	_	@lah1929f-words#@lah1929f#3682.545#3682.858
372	?	?	PUNCT	_	_	_	_	_	@lah1929f-words#@lah1929f#3682.858#3683.171
373	/	/	PUNCT	_	_	_	_	_	@lah1929f-words#@lah1929f#3683.171#3683.484
374	нет	нет	PART	_	_	_	_	_	@lah1929f-words#@lah1929f#3683.484#3683.797
375	/	/	PUNCT	_	_	_	_	_	@lah1929f-words#@lah1929f#3683.797#3684.11
376	никто	никто	PRON	_	Case=Nom	_	_	_	@lah1929f-words#@lah1929f#3684.11#3684.423
377	/	/	PUNCT	_	_	_	_	_	@lah1929f-words#@lah1929f#3684.423#3684.736
378	сколько	сколько	ADV	_	_	_	_	_	@lah1929f-words#@lah1929f#3684.736#3685.049
379	бы	бы	PART	_	_	_	_	_	@lah1929f-words#@lah1929f#3685.049#3685.362
380	не	не	PART	_	_	_	_	_	@lah1929f-words#@lah1929f#3685.362#3685.675
381	сидел	сидеть	VERB	_	Aspect=Imp|Gender=Masc|Mood=Ind|Number=Sing|Tense=Past|VerbForm=Fin|Voice=Act	_	_	_	@lah1929f-words#@lah1929f#3685.675#3685.988
382	не	не	PART	_	_	_	_	_	@lah1929f-words#@lah1929f#3685.988#3686.301
383	видел	видеть	VERB	_	Aspect=Imp|Gender=Masc|Mood=Ind|Number=Sing|Tense=Past|VerbForm=Fin|Voice=Act	_	_	_	@lah1929f-words#@lah1929f#3686.301#3686.629
384	но	но	CCONJ	_	_	_	_	_	@lah1929f-words#@lah1929f#3687.125#3687.615
385	был	быть	AUX	_	Aspect=Imp|Gender=Masc|Mood=Ind|Number=Sing|Tense=Past|VerbForm=Fin|Voice=Act	_	_	_	@lah1929f-words#@lah1929f#3687.615#3688.105
386	подполковник	подполковник	NOUN	_	Animacy=Anim|Case=Nom|Gender=Masc|Number=Sing	_	_	_	@lah1929f-words#@lah1929f#3688.105#3688.595
387	/	/	PUNCT	_	_	_	_	_	@lah1929f-words#@lah1929f#3688.595#3689.085
388	Купцов	Купцов	PROPN	_	Animacy=Anim|Case=Nom|Gender=Masc|Number=Sing	_	_	_	@lah1929f-words#@lah1929f#3689.085#3689.575
389	/	/	PUNCT	_	_	_	_	_	@lah1929f-words#@lah1929f#3689.575#3690.065
390	начальник	начальник	NOUN	_	Animacy=Anim|Case=Nom|Gender=Masc|Number=Sing	_	_	_	@lah1929f-words#@lah1929f#3690.065#3690.555
391	особого	особый	ADJ	_	Case=Gen|Degree=Pos|Gender=Masc|Number=Sing	_	_	_	@lah1929f-words#@lah1929f#3690.555#3691.045
392	отдела	отдел	NOUN	_	Animacy=Inan|Case=Gen|Gender=Masc|Number=Sing	_	_	_	@lah1929f-words#@lah1929f#3691.045#3691.535
393	/	/	PUNCT	_	_	_	_	_	@lah1929f-words#@lah1929f#3691.535#3692.025
394	и	и	CCONJ	_	_	_	_	_	@lah1929f-words#@lah1929f#3692.025#3692.515
395	за	за	ADP	_	_	_	_	_	@lah1929f-words#@lah1929f#3692.515#3693.005
396	/	/	PUNCT	_	_	_	_	_	@lah1929f-words#@lah1929f#3693.005#3693.495
397	разрешением	разрешение	NOUN	_	Animacy=Inan|Case=Ins|Gender=Neut|Number=Sing	_	_	_	@lah1929f-words#@lah1929f#3693.495#3693.985
398	на	на	ADP	_	_	_	_	_	@lah1929f-words#@lah1929f#3693.985#3694.475
399	свидание	свидание	NOUN	_	Animacy=Inan|Case=Acc|Gender=Neut|Number=Sing	_	_	_	@lah1929f-words#@lah1929f#3694.475#3694.965
400	ну	ну	PART	_	_	_	_	_	@lah1929f-words#@lah1929f#3694.965#3695.455
401	/	/	PUNCT	_	_	_	_	_	@lah1929f-words#@lah1929f#3695.455#3695.945
402	вот	вот	PART	_	_	_	_	_	@lah1929f-words#@lah1929f#3695.945#3696.435
403	мой	мой	DET	_	Case=Nom|Gender=Masc|Number=Sing	_	_	_	@lah1929f-words#@lah1929f#3696.435#3696.925
404	отчим	отчим	NOUN	_	Animacy=Anim|Case=Nom|Gender=Masc|Number=Sing	_	_	_	@lah1929f-words#@lah1929f#3696.925#3697.415
405	пошел	пойти	VERB	_	Aspect=Perf|Gender=Masc|Mood=Ind|Number=Sing|Tense=Past|VerbForm=Fin|Voice=Act	_	_	_	@lah1929f-words#@lah1929f#3697.415#3697.905
406	туда	туда	ADV	_	Degree=Pos	_	_	_	@lah1929f-words#@lah1929f#3697.905#3698.4
407	ну	ну	PART	_	_	_	_	_	@lah1929f-words#@lah1929f#3699.8#3700.666
408	так	так	ADV	_	Degree=Pos	_	_	_	@lah1929f-words#@lah1929f#3700.666#3701.532
409	настороженно	настороженно	ADV	_	Degree=Pos	_	_	_	@lah1929f-words#@lah1929f#3701.532#3702.398
410	/	/	PUNCT	_	_	_	_	_	@lah1929f-words#@lah1929f#3702.398#3703.264
411	этот	этот	DET	_	Case=Nom|Gender=Masc|Number=Sing	_	_	_	@lah1929f-words#@lah1929f#3703.264#3704.13
412	полковник	полковник	NOUN	_	Animacy=Anim|Case=Nom|Gender=Masc|Number=Sing	_	_	_	@lah1929f-words#@lah1929f#3704.13#3704.996
413	а	а	CCONJ	_	_	_	_	_	@lah1929f-words#@lah1929f#3704.996#3705.862
414	дочь	дочь	NOUN	_	Animacy=Anim|Case=Nom|Gender=Fem|Number=Sing	_	_	_	@lah1929f-words#@lah1929f#3705.862#3706.728
415	сидит	сидеть	VERB	_	Aspect=Imp|Mood=Ind|Number=Sing|Person=3|Tense=Pres|VerbForm=Fin|Voice=Act	_	_	_	@lah1929f-words#@lah1929f#3706.728#3707.6
416	ну	ну	PART	_	_	_	_	_	@lah1929f-words#@lah1929f#3708.6#3709.051
417	правда	правда	ADV	_	Degree=Pos	_	_	_	@lah1929f-words#@lah1929f#3709.051#3709.502
418	/	/	PUNCT	_	_	_	_	_	@lah1929f-words#@lah1929f#3709.502#3709.953
419	я	я	PRON	_	Case=Nom|Number=Sing|Person=1	_	_	_	@lah1929f-words#@lah1929f#3709.953#3710.404
420	/	/	PUNCT	_	_	_	_	_	@lah1929f-words#@lah1929f#3710.404#3710.855
421	не	не	PART	_	_	_	_	_	@lah1929f-words#@lah1929f#3710.855#3711.306
422	удочерена	удочерить	ADJ	_	Degree=Pos|Gender=Fem|Number=Sing|Variant=Short	_	_	_	@lah1929f-words#@lah1929f#3711.306#3711.757
423	была	быть	AUX	_	Aspect=Imp|Gender=Fem|Mood=Ind|Number=Sing|Tense=Past|VerbForm=Fin|Voice=Act	_	_	_	@lah1929f-words#@lah1929f#3711.757#3712.208
424	потому	потому	SCONJ	_	_	_	_	_	@lah1929f-words#@lah1929f#3712.208#3712.659
425	что	что	SCONJ	_	_	_	_	_	@lah1929f-words#@lah1929f#3712.659#3713.11
426	мой	мой	DET	_	Case=Nom|Gender=Masc|Number=Sing	_	_	_	@lah1929f-words#@lah1929f#3713.11#3713.561
427	родной	родной	ADJ	_	Case=Nom|Degree=Pos|Gender=Masc|Number=Sing	_	_	_	@lah1929f-words#@lah1929f#3713.561#3714.012
428	отец	отец	NOUN	_	Animacy=Anim|Case=Nom|Gender=Masc|Number=Sing	_	_	_	@lah1929f-words#@lah1929f#3714.012#3714.463
429	тот	тот	DET	_	Case=Nom|Gender=Masc|Number=Sing	_	_	_	@lah1929f-words#@lah1929f#3714.463#3714.914
430	был	быть	VERB	_	Aspect=Imp|Gender=Masc|Mood=Ind|Number=Sing|Tense=Past|VerbForm=Fin|Voice=Act	_	_	_	@lah1929f-words#@lah1929f#3714.914#3715.365
431	вообще	вообще	ADV	_	Degree=Pos	_	_	_	@lah1929f-words#@lah1929f#3715.365#3715.816
432	генерал	генерал	NOUN	_	Animacy=Anim|Case=Nom|Gender=Masc|Number=Sing	_	_	_	@lah1929f-words#@lah1929f#3715.816#3716.267
433	он	он	PRON	_	Case=Nom|Gender=Masc|Number=Sing|Person=3	_	_	_	@lah1929f-words#@lah1929f#3716.267#3716.718
434	/	/	PUNCT	_	_	_	_	_	@lah1929f-words#@lah1929f#3716.718#3717.169
435	не	не	PART	_	_	_	_	_	@lah1929f-words#@lah1929f#3717.169#3717.62
436	давал	давать	VERB	_	Aspect=Imp|Gender=Masc|Mood=Ind|Number=Sing|Tense=Past|VerbForm=Fin|Voice=Act	_	_	_	@lah1929f-words#@lah1929f#3717.62#3718.071
437	маме	мама	NOUN	_	Animacy=Anim|Case=Dat|Gender=Fem|Number=Sing	_	_	_	@lah1929f-words#@lah1929f#3718.071#3718.522
438	развод	развод	NOUN	_	Animacy=Inan|Case=Acc|Gender=Masc|Number=Sing	_	_	_	@lah1929f-words#@lah1929f#3718.522#3718.98
439	и	и	CCONJ	_	_	_	_	_	@lah1929f-words#@lah1929f#3720.45#3720.918
440	поэтому	поэтому	SCONJ	_	_	_	_	_	@lah1929f-words#@lah1929f#3720.918#3721.386
441	/	/	PUNCT	_	_	_	_	_	@lah1929f-words#@lah1929f#3721.386#3721.854
442	тут	тут	ADV	_	Degree=Pos	_	_	_	@lah1929f-words#@lah1929f#3721.854#3722.322
443	/	/	PUNCT	_	_	_	_	_	@lah1929f-words#@lah1929f#3722.322#3722.79
444	возникает	возникать	VERB	_	Aspect=Imp|Mood=Ind|Number=Sing|Person=3|Tense=Pres|VerbForm=Fin|Voice=Act	_	_	_	@lah1929f-words#@lah1929f#3722.79#3723.258
445	с	с	ADP	_	_	_	_	_	@lah1929f-words#@lah1929f#3723.258#3723.726
446	отчеством	отчество	NOUN	_	Animacy=Inan|Case=Ins|Gender=Neut|Number=Sing	_	_	_	@lah1929f-words#@lah1929f#3723.726#3724.2
447	но	но	CCONJ	_	_	_	_	_	@lah1929f-words#@lah1929f#3725.397#3725.817
448	они	они	PRON	_	Case=Nom|Number=Plur|Person=3	_	_	_	@lah1929f-words#@lah1929f#3725.817#3726.237
449	как-то	как-то	ADV	_	Degree=Pos	_	_	_	@lah1929f-words#@lah1929f#3726.237#3726.657
450	быстро	быстро	ADV	_	Degree=Pos	_	_	_	@lah1929f-words#@lah1929f#3726.657#3727.077
451	нашли	найти	VERB	_	Aspect=Perf|Mood=Ind|Number=Plur|Tense=Past|VerbForm=Fin|Voice=Act	_	_	_	@lah1929f-words#@lah1929f#3727.077#3727.497
452	/	/	PUNCT	_	_	_	_	_	@lah1929f-words#@lah1929f#3727.497#3727.917
453	общий	общий	ADJ	_	Animacy=Inan|Case=Acc|Degree=Pos|Gender=Masc|Number=Sing	_	_	_	@lah1929f-words#@lah1929f#3727.917#3728.337
454	язык	язык	NOUN	_	Animacy=Inan|Case=Acc|Gender=Masc|Number=Sing	_	_	_	@lah1929f-words#@lah1929f#3728.337#3728.757
455	/	/	PUNCT	_	_	_	_	_	@lah1929f-words#@lah1929f#3728.757#3729.177
456	потому	потому	SCONJ	_	Degree=Pos	_	_	_	@lah1929f-words#@lah1929f#3729.177#3729.597
457	что	что	SCONJ	_	_	_	_	_	@lah1929f-words#@lah1929f#3729.597#3730.017
458	воевали	воевать	VERB	_	Aspect=Imp|Mood=Ind|Number=Plur|Tense=Past|VerbForm=Fin|Voice=Act	_	_	_	@lah1929f-words#@lah1929f#3730.017#3730.437
459	/	/	PUNCT	_	_	_	_	_	@lah1929f-words#@lah1929f#3730.437#3730.857
460	вместе	вместе	ADV	_	Degree=Pos	_	_	_	@lah1929f-words#@lah1929f#3730.857#3731.277
461	на	на	ADP	_	_	_	_	_	@lah1929f-words#@lah1929f#3731.277#3731.697
462	колининском	колининский	ADJ	_	Case=Loc|Degree=Pos|Gender=Masc|Number=Sing	_	_	_	@lah1929f-words#@lah1929f#3731.697#3732.117
463	фронте	фронт	NOUN	_	Animacy=Inan|Case=Loc|Gender=Masc|Number=Sing	_	_	_	@lah1929f-words#@lah1929f#3732.117#3732.537
464	/	/	PUNCT	_	_	_	_	_	@lah1929f-words#@lah1929f#3732.537#3732.957
465	вот	вот	PART	_	_	_	_	_	@lah1929f-words#@lah1929f#3732.957#3733.377
466	/	/	PUNCT	_	_	_	_	_	@lah1929f-words#@lah1929f#3733.377#3733.797
467	одно	один	NUM	_	Case=Nom|Gender=Neut	_	_	_	@lah1929f-words#@lah1929f#3733.797#3734.217
468	соединение	соединение	NOUN	_	Animacy=Inan|Case=Nom|Gender=Neut|Number=Sing	_	_	_	@lah1929f-words#@lah1929f#3734.217#3734.637
469	/	/	PUNCT	_	_	_	_	_	@lah1929f-words#@lah1929f#3734.637#3735.057
470	и	и	CCONJ	_	_	_	_	_	@lah1929f-words#@lah1929f#3735.057#3735.477
471	у	у	ADP	_	_	_	_	_	@lah1929f-words#@lah1929f#3735.477#3735.897
472	них	они	PRON	_	Case=Gen|Number=Plur|Person=3	_	_	_	@lah1929f-words#@lah1929f#3735.897#3736.317
473	масса	масса	NOUN	_	Animacy=Inan|Case=Nom|Gender=Fem|Number=Sing	_	_	_	@lah1929f-words#@lah1929f#3736.317#3736.737
474	знакомых	знакомый	NOUN	_	Animacy=Anim|Case=Gen|Gender=Masc|Number=Plur	_	_	_	@lah1929f-words#@lah1929f#3736.737#3737.157
475	/	/	PUNCT	_	_	_	_	_	@lah1929f-words#@lah1929f#3737.157#3737.577
476	общих	общий	ADJ	_	Case=Gen|Degree=Pos|Number=Plur	_	_	_	@lah1929f-words#@lah1929f#3737.577#3738.0
477	Купцов	Купцов	PROPN	_	Animacy=Anim|Case=Nom|Gender=Masc|Number=Sing	_	_	_	@lah1929f-words#@lah1929f#3738.688#3739.188
478	/	/	PUNCT	_	_	_	_	_	@lah1929f-words#@lah1929f#3739.188#3739.688
479	открыл	открыть	VERB	_	Aspect=Perf|Gender=Masc|Mood=Ind|Number=Sing|Tense=Past|VerbForm=Fin|Voice=Act	_	_	_	@lah1929f-words#@lah1929f#3739.688#3740.188
480	бутылку	бутылка	NOUN	_	Animacy=Inan|Case=Acc|Gender=Fem|Number=Sing	_	_	_	@lah1929f-words#@lah1929f#3740.188#3740.688
481	коньяка	коньяк	NOUN	_	Animacy=Inan|Case=Gen|Gender=Masc|Number=Sing	_	_	_	@lah1929f-words#@lah1929f#3740.688#3741.188
482	/	/	PUNCT	_	_	_	_	_	@lah1929f-words#@lah1929f#3741.188#3741.688
483	они	они	PRON	_	Case=Nom|Number=Plur|Person=3	_	_	_	@lah1929f-words#@lah1929f#3741.688#3742.188
484	выпили	выпить	VERB	_	Aspect=Perf|Mood=Ind|Number=Plur|Tense=Past|VerbForm=Fin|Voice=Act	_	_	_	@lah1929f-words#@lah1929f#3742.188#3742.688
485	мой	мой	DET	_	Case=Nom|Gender=Masc|Number=Sing	_	_	_	@lah1929f-words#@lah1929f#3743.2#3743.533
486	отец	отец	NOUN	_	Animacy=Anim|Case=Nom|Gender=Masc|Number=Sing	_	_	_	@lah1929f-words#@lah1929f#3743.533#3743.866
487	приехал	приехать	VERB	_	Aspect=Perf|Gender=Masc|Mood=Ind|Number=Sing|Tense=Past|VerbForm=Fin|Voice=Act	_	_	_	@lah1929f-words#@lah1929f#3743.866#3744.199
488	утром	утро	NOUN	_	Animacy=Inan|Case=Ins|Gender=Neut|Number=Sing	_	_	_	@lah1929f-words#@lah1929f#3744.199#3744.532
489	/	/	PUNCT	_	_	_	_	_	@lah1929f-words#@lah1929f#3744.532#3744.865
490	у	у	ADP	_	_	_	_	_	@lah1929f-words#@lah1929f#3744.865#3745.198
491	меня	я	PRON	_	Case=Gen|Number=Sing|Person=1	_	_	_	@lah1929f-words#@lah1929f#3745.198#3745.531
492	он	он	PRON	_	Case=Nom|Gender=Masc|Number=Sing|Person=3	_	_	_	@lah1929f-words#@lah1929f#3745.531#3745.864
493	был	быть	VERB	_	Aspect=Imp|Gender=Masc|Mood=Ind|Number=Sing|Tense=Past|VerbForm=Fin|Voice=Act	_	_	_	@lah1929f-words#@lah1929f#3745.864#3746.197
494	вечером	вечер	NOUN	_	Animacy=Inan|Case=Ins|Gender=Masc|Number=Sing	_	_	_	@lah1929f-words#@lah1929f#3746.197#3746.53
495	/	/	PUNCT	_	_	_	_	_	@lah1929f-words#@lah1929f#3746.53#3746.863
496	уже	уже	ADV	_	Degree=Pos	_	_	_	@lah1929f-words#@lah1929f#3746.863#3747.196
497	хорошо	хорошо	ADV	_	Degree=Pos	_	_	_	@lah1929f-words#@lah1929f#3747.196#3747.529
498	под	под	ADP	_	_	_	_	_	@lah1929f-words#@lah1929f#3747.529#3747.862
499	шафе	шафе	NOUN	_	Animacy=Inan|Case=Acc|Gender=Neut|Number=Sing	_	_	_	@lah1929f-words#@lah1929f#3747.862#3748.2
500	и	и	CCONJ	_	_	_	_	_	@lah1929f-words#@lah1929f#3748.701#3749.007
501	они	они	PRON	_	Case=Nom|Number=Plur|Person=3	_	_	_	@lah1929f-words#@lah1929f#3749.007#3749.313
502	мою	мой	DET	_	Case=Acc|Gender=Fem|Number=Sing	_	_	_	@lah1929f-words#@lah1929f#3749.313#3749.619
503	судьбу	судьба	NOUN	_	Animacy=Inan|Case=Acc|Gender=Fem|Number=Sing	_	_	_	@lah1929f-words#@lah1929f#3749.619#3749.925
504	решили	решить	VERB	_	Aspect=Perf|Mood=Ind|Number=Plur|Tense=Past|VerbForm=Fin|Voice=Act	_	_	_	@lah1929f-words#@lah1929f#3749.925#3750.231
505	что	что	SCONJ	_	_	_	_	_	@lah1929f-words#@lah1929f#3751.777#3752.126
506	она	она	PRON	_	Case=Nom|Gender=Fem|Number=Sing|Person=3	_	_	_	@lah1929f-words#@lah1929f#3752.126#3752.475
507	умеет	уметь	VERB	_	Aspect=Imp|Mood=Ind|Number=Sing|Person=3|Tense=Pres|VerbForm=Fin|Voice=Act	_	_	_	@lah1929f-words#@lah1929f#3752.475#3752.824
508	?	?	PUNCT	_	_	_	_	_	@lah1929f-words#@lah1929f#3752.824#3753.173
509	/	/	PUNCT	_	_	_	_	_	@lah1929f-words#@lah1929f#3753.173#3753.522
510	спросил	спросить	VERB	_	Aspect=Perf|Gender=Masc|Mood=Ind|Number=Sing|Tense=Past|VerbForm=Fin|Voice=Act	_	_	_	@lah1929f-words#@lah1929f#3753.522#3753.871
511	тот	тот	PRON	_	Case=Nom|Gender=Masc|Number=Sing	_	_	_	@lah1929f-words#@lah1929f#3753.871#3754.222
512	он	он	PRON	_	Case=Nom|Gender=Masc|Number=Sing|Person=3	_	_	_	@lah1929f-words#@lah1929f#3755.027#3755.348
513	говорит	говорить	VERB	_	Aspect=Imp|Mood=Ind|Number=Sing|Person=3|Tense=Pres|VerbForm=Fin|Voice=Act	_	_	_	@lah1929f-words#@lah1929f#3755.348#3755.669
514	ничего	ничто	PRON	_	Case=Gen	_	_	_	@lah1929f-words#@lah1929f#3755.669#3755.99
515	она	она	PRON	_	Case=Nom|Gender=Fem|Number=Sing|Person=3	_	_	_	@lah1929f-words#@lah1929f#3755.99#3756.311
516	не	не	PART	_	_	_	_	_	@lah1929f-words#@lah1929f#3756.311#3756.632
517	умеет	уметь	VERB	_	Aspect=Imp|Mood=Ind|Number=Sing|Person=3|Tense=Pres|VerbForm=Fin|Voice=Act	_	_	_	@lah1929f-words#@lah1929f#3756.632#3756.956
518	что	что	SCONJ	_	_	_	_	_	@lah1929f-words#@lah1929f#3757.833#3758.142
519	в	в	ADP	_	_	_	_	_	@lah1929f-words#@lah1929f#3758.142#3758.451
520	таком	такой	DET	_	Case=Loc|Gender=Masc|Number=Sing	_	_	_	@lah1929f-words#@lah1929f#3758.451#3758.76
521	возрасте	возраст	NOUN	_	Animacy=Inan|Case=Loc|Gender=Masc|Number=Sing	_	_	_	@lah1929f-words#@lah1929f#3758.76#3759.069
522	можно	можно	PRED	_	_	_	_	_	@lah1929f-words#@lah1929f#3759.069#3759.378
523	уметь	уметь	VERB	_	Aspect=Imp|VerbForm=Inf|Voice=Act	_	_	_	@lah1929f-words#@lah1929f#3759.378#3759.687
524	?	?	PUNCT	_	_	_	_	_	@lah1929f-words#@lah1929f#3759.687#3759.999
525	ну	ну	PART	_	_	_	_	_	@lah1929f-words#@lah1929f#3761.0#3761.291
526	что-то	что-то	PRON	_	Case=Nom	_	_	_	@lah1929f-words#@lah1929f#3761.291#3761.582
527	/	/	PUNCT	_	_	_	_	_	@lah1929f-words#@lah1929f#3761.582#3761.873
528	она	она	PRON	_	Case=Nom|Gender=Fem|Number=Sing|Person=3	_	_	_	@lah1929f-words#@lah1929f#3761.873#3762.164
529	может	мочь	VERB	_	Aspect=Imp|Mood=Ind|Number=Sing|Person=3|Tense=Pres|VerbForm=Fin|Voice=Act	_	_	_	@lah1929f-words#@lah1929f#3762.164#3762.455
530	?	?	PUNCT	_	_	_	_	_	@lah1929f-words#@lah1929f#3762.455#3762.746
531	а	а	INTJ	_	_	_	_	_	@lah1929f-words#@lah1929f#3762.746#3763.069
532	да	да	PART	_	_	_	_	_	@lah1929f-words#@lah1929f#3763.069#3763.392
533	/	/	PUNCT	_	_	_	_	_	@lah1929f-words#@lah1929f#3763.392#3763.715
534	она	она	PRON	_	Case=Nom|Gender=Fem|Number=Sing|Person=3	_	_	_	@lah1929f-words#@lah1929f#3763.715#3764.038
535	у	у	ADP	_	_	_	_	_	@lah1929f-words#@lah1929f#3764.038#3764.361
536	нас	мы	PRON	_	Case=Gen|Number=Plur|Person=1	_	_	_	@lah1929f-words#@lah1929f#3764.361#3764.684
537	артистка	артистка	NOUN	_	Animacy=Anim|Case=Nom|Gender=Fem|Number=Sing	_	_	_	@lah1929f-words#@lah1929f#3764.684#3765.013
538	а	а	CCONJ	_	_	_	_	_	@lah1929f-words#@lah1929f#3765.207#3765.525
539	у	у	ADP	_	_	_	_	_	@lah1929f-words#@lah1929f#3765.525#3765.843
540	нас	мы	PRON	_	Case=Gen|Number=Plur|Person=1	_	_	_	@lah1929f-words#@lah1929f#3765.843#3766.161
541	есть	быть	VERB	_	Aspect=Imp|Mood=Ind|Number=Sing|Tense=Pres|VerbForm=Fin|Voice=Act	_	_	_	@lah1929f-words#@lah1929f#3766.161#3766.479
542	театр	театр	NOUN	_	Animacy=Inan|Case=Nom|Gender=Masc|Number=Sing	_	_	_	@lah1929f-words#@lah1929f#3766.479#3766.8
543	и	и	CCONJ	_	_	_	_	_	@lah1929f-words#@lah1929f#3767.629#3767.948
544	они	они	PRON	_	Case=Nom|Number=Plur|Person=3	_	_	_	@lah1929f-words#@lah1929f#3767.948#3768.267
545	/	/	PUNCT	_	_	_	_	_	@lah1929f-words#@lah1929f#3768.267#3768.586
546	решили	решить	VERB	_	Aspect=Perf|Mood=Ind|Number=Plur|Tense=Past|VerbForm=Fin|Voice=Act	_	_	_	@lah1929f-words#@lah1929f#3768.586#3768.905
547	что	что	SCONJ	_	_	_	_	_	@lah1929f-words#@lah1929f#3768.905#3769.224
548	я	я	PRON	_	Case=Nom|Number=Sing|Person=1	_	_	_	@lah1929f-words#@lah1929f#3769.224#3769.543
549	иду	идти	VERB	_	Aspect=Imp|Mood=Ind|Number=Sing|Person=1|Tense=Pres|VerbForm=Fin|Voice=Act	_	_	_	@lah1929f-words#@lah1929f#3769.543#3769.862
550	в	в	ADP	_	_	_	_	_	@lah1929f-words#@lah1929f#3769.862#3770.181
551	театр	театр	NOUN	_	Animacy=Inan|Case=Acc|Gender=Masc|Number=Sing	_	_	_	@lah1929f-words#@lah1929f#3770.181#3770.5
552	ну	ну	PART	_	_	_	_	_	@lah1929f-words#@lah1929f#3789.0#3790.0
553	отец	отец	NOUN	_	Animacy=Anim|Case=Nom|Gender=Masc|Number=Sing	_	_	_	@lah1929f-words#@lah1929f#3790.0#3790.42
554	сказал	сказать	VERB	_	Aspect=Perf|Gender=Masc|Mood=Ind|Number=Sing|Tense=Past|VerbForm=Fin|Voice=Act	_	_	_	@lah1929f-words#@lah1929f#3790.42#3790.84
555	хорошо	хорошо	ADV	_	Degree=Pos	_	_	_	@lah1929f-words#@lah1929f#3790.84#3791.26
556	бы	бы	PART	_	_	_	_	_	@lah1929f-words#@lah1929f#3791.26#3791.68
557	ее	она	PRON	_	Case=Acc|Gender=Fem|Number=Sing|Person=3	_	_	_	@lah1929f-words#@lah1929f#3791.68#3792.1
558	на	на	ADP	_	_	_	_	_	@lah1929f-words#@lah1929f#3792.1#3792.52
559	месяц	месяц	NOUN	_	Animacy=Inan|Case=Acc|Gender=Masc|Number=Sing	_	_	_	@lah1929f-words#@lah1929f#3792.52#3792.94
560	/	/	PUNCT	_	_	_	_	_	@lah1929f-words#@lah1929f#3792.94#3793.36
561	на	на	ADP	_	_	_	_	_	@lah1929f-words#@lah1929f#3793.36#3793.78
562	общий	общий	ADJ	_	Animacy=Inan|Case=Acc|Degree=Pos|Gender=Masc|Number=Sing	_	_	_	@lah1929f-words#@lah1929f#3793.78#3794.2
563	но	но	CCONJ	_	_	_	_	_	@lah1929f-words#@lah1929f#3794.8#3795.229
564	я	я	PRON	_	Case=Nom|Number=Sing|Person=1	_	_	_	@lah1929f-words#@lah1929f#3795.229#3795.658
565	весила	весить	VERB	_	Aspect=Perf|Gender=Fem|Mood=Ind|Number=Sing|Tense=Past|VerbForm=Fin|Voice=Act	_	_	_	@lah1929f-words#@lah1929f#3795.658#3796.087
566	47	47	NUM	_	_	_	_	_	@lah1929f-words#@lah1929f#3796.087#3796.516
567	килограммов	килограмм	NOUN	_	Animacy=Inan|Case=Gen|Gender=Masc|Number=Plur	_	_	_	@lah1929f-words#@lah1929f#3796.516#3796.945
568	/	/	PUNCT	_	_	_	_	_	@lah1929f-words#@lah1929f#3796.945#3797.374
569	куда	куда	ADV	_	Degree=Pos	_	_	_	@lah1929f-words#@lah1929f#3797.374#3797.803
570	меня	я	PRON	_	Case=Acc|Number=Sing|Person=1	_	_	_	@lah1929f-words#@lah1929f#3797.803#3798.232
571	на	на	ADP	_	_	_	_	_	@lah1929f-words#@lah1929f#3798.232#3798.661
572	общий	общий	ADJ	_	Animacy=Inan|Case=Acc|Degree=Pos|Gender=Masc|Number=Sing	_	_	_	@lah1929f-words#@lah1929f#3798.661#3799.09
573	/	/	PUNCT	_	_	_	_	_	@lah1929f-words#@lah1929f#3799.09#3799.519
574	господи	господи	INTJ	_	_	_	_	_	@lah1929f-words#@lah1929f#3799.519#3799.948
575	ну	ну	PART	_	_	_	_	_	@lah1929f-words#@lah1929f#3800.409#3800.851
576	так	так	ADV	_	Degree=Pos	_	_	_	@lah1929f-words#@lah1929f#3800.851#3801.293
577	/	/	PUNCT	_	_	_	_	_	@lah1929f-words#@lah1929f#3801.293#3801.735
578	мм	мм	INTJ	_	_	_	_	_	@lah1929f-words#@lah1929f#3801.735#3802.177
579	/	/	PUNCT	_	_	_	_	_	@lah1929f-words#@lah1929f#3802.177#3802.619
580	это	это	PART	_	_	_	_	_	@lah1929f-words#@lah1929f#3802.619#3803.061
581	он	он	PRON	_	Case=Nom|Gender=Masc|Number=Sing|Person=3	_	_	_	@lah1929f-words#@lah1929f#3803.061#3803.503
582	мне	я	PRON	_	Case=Dat|Number=Sing|Person=1	_	_	_	@lah1929f-words#@lah1929f#3803.503#3803.945
583	когда	когда	SCONJ	_	_	_	_	_	@lah1929f-words#@lah1929f#3803.945#3804.387
584	пересказывал	пересказывать	VERB	_	Aspect=Imp|Gender=Masc|Mood=Ind|Number=Sing|Tense=Past|VerbForm=Fin|Voice=Act	_	_	_	@lah1929f-words#@lah1929f#3804.387#3804.829
585	/	/	PUNCT	_	_	_	_	_	@lah1929f-words#@lah1929f#3804.829#3805.271
586	и	и	CCONJ	_	_	_	_	_	@lah1929f-words#@lah1929f#3805.271#3805.713
587	это	это	PRON	_	Animacy=Inan|Case=Nom|Gender=Neut|Number=Sing	_	_	_	@lah1929f-words#@lah1929f#3805.713#3806.155
588	единственное	единственный	ADJ	_	Case=Nom|Degree=Pos|Gender=Neut|Number=Sing	_	_	_	@lah1929f-words#@lah1929f#3806.155#3806.597
589	было	быть	VERB	_	Aspect=Imp|Gender=Neut|Mood=Ind|Number=Sing|Tense=Past|VerbForm=Fin|Voice=Act	_	_	_	@lah1929f-words#@lah1929f#3806.597#3807.039
590	/	/	PUNCT	_	_	_	_	_	@lah1929f-words#@lah1929f#3807.039#3807.481
591	свидание	свидание	NOUN	_	Animacy=Inan|Case=Nom|Gender=Neut|Number=Sing	_	_	_	@lah1929f-words#@lah1929f#3807.481#3807.923
592	/	/	PUNCT	_	_	_	_	_	@lah1929f-words#@lah1929f#3807.923#3808.365
593	без	без	ADP	_	_	_	_	_	@lah1929f-words#@lah1929f#3808.365#3808.807
594	всякой	всякий	PRON	_	Case=Gen|Gender=Fem|Number=Sing	_	_	_	@lah1929f-words#@lah1929f#3808.807#3809.249
595	попки	попка	NOUN	_	Animacy=Inan|Case=Gen|Gender=Fem|Number=Sing	_	_	_	@lah1929f-words#@lah1929f#3809.249#3809.701
596	никого	никто	PRON	_	Case=Gen	_	_	_	@lah1929f-words#@lah1929f#3810.27#3810.608
597	не	не	PART	_	_	_	_	_	@lah1929f-words#@lah1929f#3810.608#3810.946
598	было	быть	VERB	_	Aspect=Imp|Gender=Neut|Mood=Ind|Number=Sing|Tense=Past|VerbForm=Fin|Voice=Act	_	_	_	@lah1929f-words#@lah1929f#3810.946#3811.284
599	мы	мы	PRON	_	Case=Nom|Number=Plur|Person=1	_	_	_	@lah1929f-words#@lah1929f#3811.284#3811.622
600	/	/	PUNCT	_	_	_	_	_	@lah1929f-words#@lah1929f#3811.622#3811.96
601	вдвоем	вдвоем	ADV	_	Degree=Pos	_	_	_	@lah1929f-words#@lah1929f#3811.96#3812.298
602	/	/	PUNCT	_	_	_	_	_	@lah1929f-words#@lah1929f#3812.298#3812.636
603	и	и	CCONJ	_	_	_	_	_	@lah1929f-words#@lah1929f#3812.636#3812.974
604	можно	можно	PRED	_	_	_	_	_	@lah1929f-words#@lah1929f#3812.974#3813.312
605	было	быть	VERB	_	Aspect=Imp|Gender=Neut|Mood=Ind|Number=Sing|Tense=Past|VerbForm=Fin|Voice=Act	_	_	_	@lah1929f-words#@lah1929f#3813.312#3813.65
606	все	все	PRON	_	Animacy=Inan|Case=Acc|Gender=Neut|Number=Sing	_	_	_	@lah1929f-words#@lah1929f#3813.65#3813.988
607	все	все	PRON	_	Animacy=Inan|Case=Acc|Gender=Neut|Number=Sing	_	_	_	@lah1929f-words#@lah1929f#3813.988#3814.326
608	все	все	PRON	_	Animacy=Inan|Case=Acc|Gender=Neut|Number=Sing	_	_	_	@lah1929f-words#@lah1929f#3814.326#3814.664
609	рассказывать	рассказывать	VERB	_	Aspect=Imp|VerbForm=Inf|Voice=Act	_	_	_	@lah1929f-words#@lah1929f#3814.664#3815.006
610	да	да	PART	_	_	_	_	_	@lah1929f-words#@lah1929f#3816.227#3816.515
611	/	/	PUNCT	_	_	_	_	_	@lah1929f-words#@lah1929f#3816.515#3816.803
612	и	и	CCONJ	_	_	_	_	_	@lah1929f-words#@lah1929f#3816.803#3817.091
613	так	так	ADV	_	Degree=Pos	_	_	_	@lah1929f-words#@lah1929f#3817.091#3817.379
614	я	я	PRON	_	Case=Nom|Number=Sing|Person=1	_	_	_	@lah1929f-words#@lah1929f#3817.379#3817.667
615	была	быть	AUX	_	Aspect=Imp|Gender=Fem|Mood=Ind|Number=Sing|Tense=Past|VerbForm=Fin|Voice=Act	_	_	_	@lah1929f-words#@lah1929f#3817.667#3817.955
616	/	/	PUNCT	_	_	_	_	_	@lah1929f-words#@lah1929f#3817.955#3818.243
617	на	на	ADP	_	_	_	_	_	@lah1929f-words#@lah1929f#3818.243#3818.531
618	самом	самый	ADJ	_	Case=Loc|Degree=Pos|Gender=Neut|Number=Sing	_	_	_	@lah1929f-words#@lah1929f#3818.531#3818.819
619	деле	дело	NOUN	_	Animacy=Inan|Case=Loc|Gender=Neut|Number=Sing	_	_	_	@lah1929f-words#@lah1929f#3818.819#3819.107
620	/	/	PUNCT	_	_	_	_	_	@lah1929f-words#@lah1929f#3819.107#3819.395
621	артистка	артистка	NOUN	_	Animacy=Anim|Case=Nom|Gender=Fem|Number=Sing	_	_	_	@lah1929f-words#@lah1929f#3819.395#3819.688
622	да	да	PART	_	_	_	_	_	@lah1929f-words#@lah1929f#3819.935#3820.103
623	и	и	CCONJ	_	_	_	_	_	@lah1929f-words#@lah1929f#3820.532#3821.096
624	не	не	PART	_	_	_	_	_	@lah1929f-words#@lah1929f#3821.096#3821.66
625	плохой	плохой	ADJ	_	Case=Ins|Degree=Pos|Gender=Masc|Number=Sing	_	_	_	@lah1929f-words#@lah1929f#3821.66#3822.224
626	/	/	PUNCT	_	_	_	_	_	@lah1929f-words#@lah1929f#3822.224#3822.788
627	потому	потому	SCONJ	_	_	_	_	_	@lah1929f-words#@lah1929f#3822.788#3823.352
628	что	что	SCONJ	_	_	_	_	_	@lah1929f-words#@lah1929f#3823.352#3823.916
629	когда	когда	SCONJ	_	_	_	_	_	@lah1929f-words#@lah1929f#3823.916#3824.48
630	мама	мама	NOUN	_	Animacy=Anim|Case=Nom|Gender=Fem|Number=Sing	_	_	_	@lah1929f-words#@lah1929f#3824.48#3825.044
631	приехала	приехать	VERB	_	Aspect=Perf|Gender=Fem|Mood=Ind|Number=Sing|Tense=Past|VerbForm=Fin|Voice=Act	_	_	_	@lah1929f-words#@lah1929f#3825.044#3825.608
632	/	/	PUNCT	_	_	_	_	_	@lah1929f-words#@lah1929f#3825.608#3826.172
633	получать	получать	VERB	_	Aspect=Imp|VerbForm=Inf|Voice=Act	_	_	_	@lah1929f-words#@lah1929f#3826.172#3826.736
634	разрешение	разрешение	NOUN	_	Animacy=Inan|Case=Acc|Gender=Neut|Number=Sing	_	_	_	@lah1929f-words#@lah1929f#3826.736#3827.3
635	эта	этот	DET	_	Case=Nom|Gender=Fem|Number=Sing	_	_	_	@lah1929f-words#@lah1929f#3827.681#3828.096
636	тетка	тетка	NOUN	_	Animacy=Anim|Case=Nom|Gender=Fem|Number=Sing	_	_	_	@lah1929f-words#@lah1929f#3828.096#3828.511
637	которая	который	PRON	_	Case=Nom	_	_	_	@lah1929f-words#@lah1929f#3828.511#3828.926
638	там	там	ADV	_	Degree=Pos	_	_	_	@lah1929f-words#@lah1929f#3828.926#3829.341
639	сидела	сидеть	VERB	_	Aspect=Imp|Gender=Fem|Mood=Ind|Number=Sing|Tense=Past|VerbForm=Fin|Voice=Act	_	_	_	@lah1929f-words#@lah1929f#3829.341#3829.756
640	/	/	PUNCT	_	_	_	_	_	@lah1929f-words#@lah1929f#3829.756#3830.171
641	все	все	PART	_	_	_	_	_	@lah1929f-words#@lah1929f#3830.171#3830.586
642	на	на	ADP	_	_	_	_	_	@lah1929f-words#@lah1929f#3830.586#3831.001
643	нее	она	PRON	_	Case=Acc|Gender=Fem|Number=Sing|Person=3	_	_	_	@lah1929f-words#@lah1929f#3831.001#3831.416
644	смотрела	смотреть	VERB	_	Aspect=Imp|Gender=Fem|Mood=Ind|Number=Sing|Tense=Past|VerbForm=Fin|Voice=Act	_	_	_	@lah1929f-words#@lah1929f#3831.416#3831.831
645	/	/	PUNCT	_	_	_	_	_	@lah1929f-words#@lah1929f#3831.831#3832.246
646	смотрела	смотреть	VERB	_	Aspect=Imp|Gender=Fem|Mood=Ind|Number=Sing|Tense=Past|VerbForm=Fin|Voice=Act	_	_	_	@lah1929f-words#@lah1929f#3832.246#3832.661
647	и	и	CCONJ	_	_	_	_	_	@lah1929f-words#@lah1929f#3832.661#3833.076
648	вздыхала	вздыхать	VERB	_	Aspect=Imp|Gender=Fem|Mood=Ind|Number=Sing|Tense=Past|VerbForm=Fin|Voice=Act	_	_	_	@lah1929f-words#@lah1929f#3833.076#3833.491
649	мама	мама	NOUN	_	Animacy=Anim|Case=Nom|Gender=Fem|Number=Sing	_	_	_	@lah1929f-words#@lah1929f#3833.491#3833.906
650	спросила	спросить	VERB	_	Aspect=Perf|Gender=Fem|Mood=Ind|Number=Sing|Tense=Past|VerbForm=Fin|Voice=Act	_	_	_	@lah1929f-words#@lah1929f#3833.906#3834.321
651	в	в	ADP	_	_	_	_	_	@lah1929f-words#@lah1929f#3834.321#3834.736
652	чем	что	PRON	_	Case=Loc	_	_	_	@lah1929f-words#@lah1929f#3834.736#3835.151
653	дело	дело	NOUN	_	Animacy=Inan|Case=Nom|Gender=Neut|Number=Sing	_	_	_	@lah1929f-words#@lah1929f#3835.151#3835.566
654	?	?	PUNCT	_	_	_	_	_	@lah1929f-words#@lah1929f#3835.566#3836.0
655	вы	вы	PRON	_	Case=Nom|Number=Plur|Person=2	_	_	_	@lah1929f-words#@lah1929f#3836.467#3836.741
656	что	что	PRON	_	Case=Nom	_	_	_	@lah1929f-words#@lah1929f#3836.741#3837.015
657	/	/	PUNCT	_	_	_	_	_	@lah1929f-words#@lah1929f#3837.015#3837.289
658	не	не	PART	_	_	_	_	_	@lah1929f-words#@lah1929f#3837.289#3837.563
659	даете	давать	VERB	_	Aspect=Imp|Mood=Ind|Number=Plur|Person=2|Tense=Pres|VerbForm=Fin|Voice=Act	_	_	_	@lah1929f-words#@lah1929f#3837.563#3837.837
660	что	что	PRON	_	Case=Acc	_	_	_	@lah1929f-words#@lah1929f#3837.837#3838.111
661	ли	ли	PART	_	_	_	_	_	@lah1929f-words#@lah1929f#3838.111#3838.385
662	разрешение	разрешение	NOUN	_	Animacy=Inan|Case=Nom|Gender=Neut|Number=Sing	_	_	_	@lah1929f-words#@lah1929f#3838.385#3838.659
663	?	?	PUNCT	_	_	_	_	_	@lah1929f-words#@lah1929f#3838.659#3838.941
664	как	как	ADV	_	Degree=Pos	_	_	_	@lah1929f-words#@lah1929f#3839.22#3839.625
665	же	же	PART	_	_	_	_	_	@lah1929f-words#@lah1929f#3839.625#3840.03
666	так	так	ADV	_	Degree=Pos	_	_	_	@lah1929f-words#@lah1929f#3840.03#3840.435
667	/	/	PUNCT	_	_	_	_	_	@lah1929f-words#@lah1929f#3840.435#3840.84
668	вы	вы	PRON	_	Case=Nom|Number=Sing|Person=2	_	_	_	@lah1929f-words#@lah1929f#3840.84#3841.245
669	участник	участник	NOUN	_	Animacy=Anim|Case=Nom|Gender=Masc|Number=Sing	_	_	_	@lah1929f-words#@lah1929f#3841.245#3841.65
670	/	/	PUNCT	_	_	_	_	_	@lah1929f-words#@lah1929f#3841.65#3842.055
671	войны	война	NOUN	_	Animacy=Inan|Case=Gen|Gender=Fem|Number=Sing	_	_	_	@lah1929f-words#@lah1929f#3842.055#3842.46
672	/	/	PUNCT	_	_	_	_	_	@lah1929f-words#@lah1929f#3842.46#3842.865
673	а	а	CCONJ	_	_	_	_	_	@lah1929f-words#@lah1929f#3842.865#3843.27
674	дочка-то	дочка	NOUN	_	Animacy=Anim|Case=Nom|Gender=Fem|Number=Sing	_	_	_	@lah1929f-words#@lah1929f#3843.27#3843.675
675	а	а	X	_	_	_	_	_	@lah1929f-words#@lah1929f#3844.08#3844.485
676	/	/	PUNCT	_	_	_	_	_	@lah1929f-words#@lah1929f#3844.485#3844.89
677	шпионка	шпионка	NOUN	_	Animacy=Anim|Case=Nom|Gender=Fem|Number=Sing	_	_	_	@lah1929f-words#@lah1929f#3844.89#3845.295
678	американская	американский	ADJ	_	Case=Nom|Degree=Pos|Gender=Fem|Number=Sing	_	_	_	@lah1929f-words#@lah1929f#3845.295#3845.7
679	это	это	PART	_	_	_	_	_	@lah1929f-words#@lah1929f#3845.87#3846.096
680	что	что	PRON	_	Case=Nom	_	_	_	@lah1929f-words#@lah1929f#3846.096#3846.322
681	за	за	ADP	_	_	_	_	_	@lah1929f-words#@lah1929f#3846.322#3846.548
682	еще	еще	ADJ	_	Degree=Cmp	_	_	_	@lah1929f-words#@lah1929f#3846.548#3846.774
683	?	?	PUNCT	_	_	_	_	_	@lah1929f-words#@lah1929f#3846.774#3847.0
684	а	а	CCONJ	_	_	_	_	_	@lah1929f-words#@lah1929f#3848.591#3849.135
685	мы	мы	PRON	_	Case=Nom|Number=Plur|Person=1	_	_	_	@lah1929f-words#@lah1929f#3849.135#3849.679
686	ставили	ставить	VERB	_	Aspect=Imp|Mood=Ind|Number=Plur|Tense=Past|VerbForm=Fin|Voice=Act	_	_	_	@lah1929f-words#@lah1929f#3849.679#3850.223
687	/	/	PUNCT	_	_	_	_	_	@lah1929f-words#@lah1929f#3850.223#3850.767
688	такой	такой	DET	_	Case=Nom|Gender=Masc|Number=Sing	_	_	_	@lah1929f-words#@lah1929f#3850.767#3851.311
689	/	/	PUNCT	_	_	_	_	_	@lah1929f-words#@lah1929f#3851.311#3851.855
690	спекталь	спекталь	NOUN	_	Animacy=Inan|Case=Nom|Gender=Fem|Number=Sing	_	_	_	@lah1929f-words#@lah1929f#3851.855#3852.399
691	за	за	ADP	_	_	_	_	_	@lah1929f-words#@lah1929f#3852.399#3852.943
692	вторым	второй	ADJ	_	Case=Ins|Degree=Pos|Gender=Masc|Number=Sing	_	_	_	@lah1929f-words#@lah1929f#3852.943#3853.487
693	фронтом	фронт	NOUN	_	Animacy=Inan|Case=Ins|Gender=Masc|Number=Sing	_	_	_	@lah1929f-words#@lah1929f#3853.487#3854.031
694	в	в	ADP	_	_	_	_	_	@lah1929f-words#@lah1929f#3854.031#3854.575
695	#неразборчиво#	#неразборчиво#	X	_	_	_	_	_	@lah1929f-words#@lah1929f#3854.575#3855.119
696	/	/	PUNCT	_	_	_	_	_	@lah1929f-words#@lah1929f#3855.119#3855.663
697	где	где	ADV	_	Degree=Pos	_	_	_	@lah1929f-words#@lah1929f#3855.663#3856.207
698	/	/	PUNCT	_	_	_	_	_	@lah1929f-words#@lah1929f#3856.207#3856.751
699	боталичка	боталичка	X	_	_	_	_	_	@lah1929f-words#@lah1929f#3856.751#3857.295
700	играла	играть	VERB	_	Aspect=Imp|Gender=Fem|Mood=Ind|Number=Sing|Tense=Past|VerbForm=Fin|Voice=Act	_	_	_	@lah1929f-words#@lah1929f#3857.295#3857.839
701	/	/	PUNCT	_	_	_	_	_	@lah1929f-words#@lah1929f#3857.839#3858.383
702	советскую	советский	ADJ	_	Case=Acc|Degree=Pos|Gender=Fem|Number=Sing	_	_	_	@lah1929f-words#@lah1929f#3858.383#3858.927
703	разведчицу	разведчица	NOUN	_	Animacy=Anim|Case=Acc|Gender=Fem|Number=Sing	_	_	_	@lah1929f-words#@lah1929f#3858.927#3859.471
704	/	/	PUNCT	_	_	_	_	_	@lah1929f-words#@lah1929f#3859.471#3860.015
705	ну	ну	PART	_	_	_	_	_	@lah1929f-words#@lah1929f#3860.015#3860.559
706	а	а	CCONJ	_	_	_	_	_	@lah1929f-words#@lah1929f#3860.559#3861.103
707	я	я	PRON	_	Case=Nom|Number=Sing|Person=1	_	_	_	@lah1929f-words#@lah1929f#3861.103#3861.647
708	/	/	PUNCT	_	_	_	_	_	@lah1929f-words#@lah1929f#3861.647#3862.191
709	американскую	американский	ADJ	_	Case=Acc|Degree=Pos|Gender=Fem|Number=Sing	_	_	_	@lah1929f-words#@lah1929f#3862.191#3862.735
710	шпионку	шпионка	NOUN	_	Animacy=Anim|Case=Acc|Gender=Fem|Number=Sing	_	_	_	@lah1929f-words#@lah1929f#3862.735#3863.305
711	и	и	CCONJ	_	_	_	_	_	@lah1929f-words#@lah1929f#3863.935#3864.324
712	так	так	ADV	_	Degree=Pos	_	_	_	@lah1929f-words#@lah1929f#3864.324#3864.713
713	хорошо	хорошо	ADV	_	Degree=Pos	_	_	_	@lah1929f-words#@lah1929f#3864.713#3865.102
714	сыграла	сыграть	VERB	_	Aspect=Imp|Gender=Fem|Mood=Ind|Number=Sing|Tense=Past|VerbForm=Fin|Voice=Act	_	_	_	@lah1929f-words#@lah1929f#3865.102#3865.491
715	/	/	PUNCT	_	_	_	_	_	@lah1929f-words#@lah1929f#3865.491#3865.88
716	и	и	CCONJ	_	_	_	_	_	@lah1929f-words#@lah1929f#3865.88#3866.269
717	с	с	ADP	_	_	_	_	_	@lah1929f-words#@lah1929f#3866.269#3866.658
718	таким	такой	DET	_	Case=Ins|Number=Plur	_	_	_	@lah1929f-words#@lah1929f#3866.658#3867.047
719	/	/	PUNCT	_	_	_	_	_	@lah1929f-words#@lah1929f#3867.047#3867.436
720	вот	вот	PART	_	_	_	_	_	@lah1929f-words#@lah1929f#3867.436#3867.825
721	на	на	ADP	_	_	_	_	_	@lah1929f-words#@lah1929f#3867.825#3868.214
722	самом	самый	ADJ	_	Case=Loc|Degree=Pos|Gender=Neut|Number=Sing	_	_	_	@lah1929f-words#@lah1929f#3868.214#3868.603
723	деле	дело	NOUN	_	Animacy=Inan|Case=Loc|Gender=Neut|Number=Sing	_	_	_	@lah1929f-words#@lah1929f#3868.603#3868.992
724	/	/	PUNCT	_	_	_	_	_	@lah1929f-words#@lah1929f#3868.992#3869.381
725	и	и	CCONJ	_	_	_	_	_	@lah1929f-words#@lah1929f#3869.381#3869.77
726	до	до	ADP	_	_	_	_	_	@lah1929f-words#@lah1929f#3869.77#3870.159
727	этого	того	PRON	_	Animacy=Inan|Case=Gen|Gender=Neut|Number=Sing	_	_	_	@lah1929f-words#@lah1929f#3870.159#3870.548
728	играла	играть	VERB	_	Aspect=Imp|Gender=Fem|Mood=Ind|Number=Sing|Tense=Past|VerbForm=Fin|Voice=Act	_	_	_	@lah1929f-words#@lah1929f#3870.548#3870.937
729	позднюю	поздний	ADJ	_	Case=Acc|Degree=Pos|Gender=Fem|Number=Sing	_	_	_	@lah1929f-words#@lah1929f#3870.937#3871.326
730	любовь	любовь	NOUN	_	Animacy=Inan|Case=Acc|Gender=Fem|Number=Sing	_	_	_	@lah1929f-words#@lah1929f#3871.326#3871.715
731	/	/	PUNCT	_	_	_	_	_	@lah1929f-words#@lah1929f#3871.715#3872.104
732	не	не	PART	_	_	_	_	_	@lah1929f-words#@lah1929f#3872.104#3872.493
733	нравилось	нравиться	VERB	_	Aspect=Imp|Gender=Neut|Mood=Ind|Number=Sing|Tense=Past|VerbForm=Fin|Voice=Mid	_	_	_	@lah1929f-words#@lah1929f#3872.493#3872.882
734	вон	вон	PRON	_	Degree=Pos	_	_	_	@lah1929f-words#@lah1929f#3872.882#3873.271
735	там	там	ADV	_	Degree=Pos	_	_	_	@lah1929f-words#@lah1929f#3873.271#3873.66
736	было	быть	VERB	_	Aspect=Imp|Gender=Neut|Mood=Ind|Number=Sing|Tense=Past|VerbForm=Fin|Voice=Act	_	_	_	@lah1929f-words#@lah1929f#3873.66#3874.049
737	/	/	PUNCT	_	_	_	_	_	@lah1929f-words#@lah1929f#3874.049#3874.438
738	но	но	CCONJ	_	_	_	_	_	@lah1929f-words#@lah1929f#3874.438#3874.827
739	надо	надо	PRED	_	_	_	_	_	@lah1929f-words#@lah1929f#3874.827#3875.216
740	было	быть	VERB	_	Aspect=Imp|Gender=Neut|Mood=Ind|Number=Sing|Tense=Past|VerbForm=Fin|Voice=Act	_	_	_	@lah1929f-words#@lah1929f#3875.216#3875.605
741	отрабатывать	отрабатывать	VERB	_	Aspect=Imp|VerbForm=Inf|Voice=Act	_	_	_	@lah1929f-words#@lah1929f#3875.605#3876.0
742	а	а	CCONJ	_	_	_	_	_	@lah1929f-words#@lah1929f#3876.974#3877.405
743	уж	уж	PART	_	_	_	_	_	@lah1929f-words#@lah1929f#3877.405#3877.836
744	Джейн-то	Джейн	PROPN	_	Animacy=Anim|Case=Nom|Gender=Masc|Number=Sing	_	_	_	@lah1929f-words#@lah1929f#3877.836#3878.267
745	я	я	PRON	_	Case=Nom|Number=Sing|Person=1	_	_	_	@lah1929f-words#@lah1929f#3878.698#3879.129
746	играла	играть	VERB	_	Aspect=Imp|Gender=Fem|Mood=Ind|Number=Sing|Tense=Past|VerbForm=Fin|Voice=Act	_	_	_	@lah1929f-words#@lah1929f#3879.129#3879.56
747	/	/	PUNCT	_	_	_	_	_	@lah1929f-words#@lah1929f#3879.56#3879.991
748	с	с	ADP	_	_	_	_	_	@lah1929f-words#@lah1929f#3879.991#3880.422
749	таким	такой	DET	_	Case=Ins|Gender=Neut|Number=Sing	_	_	_	@lah1929f-words#@lah1929f#3880.422#3880.853
750	наслаждением	наслаждение	NOUN	_	Animacy=Inan|Case=Ins|Gender=Neut|Number=Sing	_	_	_	@lah1929f-words#@lah1929f#3880.853#3881.285
751	и	и	CCONJ	_	_	_	_	_	@lah1929f-words#@lah1929f#3881.324#3881.836
752	вот	вот	PART	_	_	_	_	_	@lah1929f-words#@lah1929f#3881.836#3882.348
753	она	она	PRON	_	Case=Nom|Gender=Fem|Number=Sing|Person=3	_	_	_	@lah1929f-words#@lah1929f#3882.348#3882.86
754	маме	мама	NOUN	_	Animacy=Anim|Case=Dat|Gender=Fem|Number=Sing	_	_	_	@lah1929f-words#@lah1929f#3882.86#3883.372
755	рассказывает	рассказывать	VERB	_	Aspect=Imp|Mood=Ind|Number=Sing|Person=3|Tense=Pres|VerbForm=Fin|Voice=Act	_	_	_	@lah1929f-words#@lah1929f#3883.372#3883.884
756	/	/	PUNCT	_	_	_	_	_	@lah1929f-words#@lah1929f#3883.884#3884.396
757	маме	мама	NOUN	_	Animacy=Anim|Case=Dat|Gender=Fem|Number=Sing	_	_	_	@lah1929f-words#@lah1929f#3884.396#3884.908
758	рассказывает	рассказывать	VERB	_	Aspect=Imp|Mood=Ind|Number=Sing|Person=3|Tense=Pres|VerbForm=Fin|Voice=Act	_	_	_	@lah1929f-words#@lah1929f#3884.908#3885.42
759	/	/	PUNCT	_	_	_	_	_	@lah1929f-words#@lah1929f#3885.42#3885.932
760	так	так	PART	_	_	_	_	_	@lah1929f-words#@lah1929f#3885.932#3886.444
761	она	она	PRON	_	Case=Nom|Gender=Fem|Number=Sing|Person=3	_	_	_	@lah1929f-words#@lah1929f#3886.444#3886.956
762	/	/	PUNCT	_	_	_	_	_	@lah1929f-words#@lah1929f#3886.956#3887.468
763	шпионка	шпионка	NOUN	_	Animacy=Anim|Case=Nom|Gender=Fem|Number=Sing	_	_	_	@lah1929f-words#@lah1929f#3887.468#3887.98
764	американская	американский	ADJ	_	Case=Nom|Degree=Pos|Gender=Fem|Number=Sing	_	_	_	@lah1929f-words#@lah1929f#3887.98#3888.492
765	/	/	PUNCT	_	_	_	_	_	@lah1929f-words#@lah1929f#3888.492#3889.004
766	из	из	ADP	_	_	_	_	_	@lah1929f-words#@lah1929f#3889.004#3889.516
767	Америки	Америка	PROPN	_	Animacy=Inan|Case=Gen|Gender=Fem|Number=Sing	_	_	_	@lah1929f-words#@lah1929f#3889.516#3890.028
768	приехала	приехать	VERB	_	Aspect=Perf|Gender=Fem|Mood=Ind|Number=Sing|Tense=Past|VerbForm=Fin|Voice=Act	_	_	_	@lah1929f-words#@lah1929f#3890.028#3890.545
769	она	она	PRON	_	Case=Nom|Gender=Fem|Number=Sing|Person=3	_	_	_	@lah1929f-words#@lah1929f#3890.616#3890.923
770	ей	она	PRON	_	Case=Dat|Gender=Fem|Number=Sing|Person=3	_	_	_	@lah1929f-words#@lah1929f#3890.923#3891.23
771	говорит	говорить	VERB	_	Aspect=Imp|Mood=Ind|Number=Sing|Person=3|Tense=Pres|VerbForm=Fin|Voice=Act	_	_	_	@lah1929f-words#@lah1929f#3891.23#3891.537
772	/	/	PUNCT	_	_	_	_	_	@lah1929f-words#@lah1929f#3891.537#3891.844
773	вы	вы	PRON	_	Case=Nom|Number=Plur|Person=2	_	_	_	@lah1929f-words#@lah1929f#3891.844#3892.151
774	вообще	вообще	ADV	_	Degree=Pos	_	_	_	@lah1929f-words#@lah1929f#3892.151#3892.458
775	в	в	ADP	_	_	_	_	_	@lah1929f-words#@lah1929f#3892.458#3892.765
776	театре-то	театр	NOUN	_	Animacy=Inan|Case=Loc|Gender=Masc|Number=Sing	_	_	_	@lah1929f-words#@lah1929f#3892.765#3893.072
777	были	быть	VERB	_	Aspect=Imp|Mood=Ind|Number=Plur|Tense=Past|VerbForm=Fin|Voice=Act	_	_	_	@lah1929f-words#@lah1929f#3893.379#3893.686
778	?	?	PUNCT	_	_	_	_	_	@lah1929f-words#@lah1929f#3893.686#3894.0
779	нет	нет	PART	_	_	_	_	_	@lah1929f-words#@lah1929f#3894.0#3894.421
780	/	/	PUNCT	_	_	_	_	_	@lah1929f-words#@lah1929f#3894.421#3894.842
781	а	а	CCONJ	_	_	_	_	_	@lah1929f-words#@lah1929f#3894.842#3895.263
782	зачем	зачем	ADV	_	Degree=Pos	_	_	_	@lah1929f-words#@lah1929f#3895.263#3895.684
783	у	у	ADP	_	_	_	_	_	@lah1929f-words#@lah1929f#3895.684#3896.105
784	нас	мы	PRON	_	Case=Gen|Number=Plur|Person=1	_	_	_	@lah1929f-words#@lah1929f#3896.105#3896.526
785	свой	свой	PRON	_	Case=Nom|Gender=Masc|Number=Sing	_	_	_	@lah1929f-words#@lah1929f#3896.526#3896.947
786	театр	театр	NOUN	_	Animacy=Inan|Case=Nom|Gender=Masc|Number=Sing	_	_	_	@lah1929f-words#@lah1929f#3896.947#3897.368
787	/	/	PUNCT	_	_	_	_	_	@lah1929f-words#@lah1929f#3897.368#3897.789
788	и	и	CCONJ	_	_	_	_	_	@lah1929f-words#@lah1929f#3897.789#3898.21
789	я	я	PRON	_	Case=Nom|Number=Sing|Person=1	_	_	_	@lah1929f-words#@lah1929f#3898.21#3898.631
790	видела	видеть	VERB	_	Aspect=Imp|Gender=Fem|Mood=Ind|Number=Sing|Tense=Past|VerbForm=Fin|Voice=Act	_	_	_	@lah1929f-words#@lah1929f#3898.631#3899.052
791	вашу	ваш	PRON	_	Case=Acc|Gender=Fem|Number=Sing	_	_	_	@lah1929f-words#@lah1929f#3899.052#3899.473
792	дочь	дочь	NOUN	_	Animacy=Anim|Case=Acc|Gender=Fem|Number=Sing	_	_	_	@lah1929f-words#@lah1929f#3899.473#3899.894
793	/	/	PUNCT	_	_	_	_	_	@lah1929f-words#@lah1929f#3899.894#3900.315
794	она	она	PRON	_	Case=Nom|Gender=Fem|Number=Sing|Person=3	_	_	_	@lah1929f-words#@lah1929f#3900.315#3900.736
795	/	/	PUNCT	_	_	_	_	_	@lah1929f-words#@lah1929f#3900.736#3901.157
796	американская	американский	ADJ	_	Case=Nom|Degree=Pos|Gender=Fem|Number=Sing	_	_	_	@lah1929f-words#@lah1929f#3901.157#3901.578
797	шпионка	шпионка	NOUN	_	Animacy=Anim|Case=Nom|Gender=Fem|Number=Sing	_	_	_	@lah1929f-words#@lah1929f#3901.578#3902.0
798	моя	мой	PRON	_	Case=Nom|Gender=Fem|Number=Sing	_	_	_	@lah1929f-words#@lah1929f#3902.289#3902.662
799	дочь	дочь	NOUN	_	Animacy=Anim|Case=Nom|Gender=Fem|Number=Sing	_	_	_	@lah1929f-words#@lah1929f#3902.662#3903.035
800	родилась	родиться	VERB	_	Aspect=Perf|Gender=Fem|Mood=Ind|Number=Sing|Tense=Past|VerbForm=Fin|Voice=Mid	_	_	_	@lah1929f-words#@lah1929f#3903.035#3903.408
801	в	в	ADP	_	_	_	_	_	@lah1929f-words#@lah1929f#3903.408#3903.781
802	Москве	Москва	PROPN	_	Animacy=Inan|Case=Loc|Gender=Fem|Number=Sing	_	_	_	@lah1929f-words#@lah1929f#3903.781#3904.154
803	/	/	PUNCT	_	_	_	_	_	@lah1929f-words#@lah1929f#3904.154#3904.527
804	и	и	CCONJ	_	_	_	_	_	@lah1929f-words#@lah1929f#3904.527#3904.9
805	в	в	ADP	_	_	_	_	_	@lah1929f-words#@lah1929f#3904.9#3905.273
806	Америке	Америка	PROPN	_	Animacy=Inan|Case=Loc|Gender=Fem|Number=Sing	_	_	_	@lah1929f-words#@lah1929f#3905.273#3905.646
807	не	не	PART	_	_	_	_	_	@lah1929f-words#@lah1929f#3905.646#3906.019
808	была	быть	VERB	_	Aspect=Imp|Gender=Fem|Mood=Ind|Number=Sing|Tense=Past|VerbForm=Fin|Voice=Act	_	_	_	@lah1929f-words#@lah1929f#3906.019#3906.395
809	даа	да	PART	_	_	_	_	_	@lah1929f-words#@lah1929f#3907.243#3907.467
810	?	?	PUNCT	_	_	_	_	_	@lah1929f-words#@lah1929f#3907.467#3907.691
811	и	и	CCONJ	_	_	_	_	_	@lah1929f-words#@lah1929f#3908.045#3908.416
812	сидит	сидеть	VERB	_	Aspect=Imp|Mood=Ind|Number=Sing|Person=3|Tense=Pres|VerbForm=Fin|Voice=Act	_	_	_	@lah1929f-words#@lah1929f#3908.416#3908.787
813	за	за	ADP	_	_	_	_	_	@lah1929f-words#@lah1929f#3908.787#3909.158
814	любовь	любовь	NOUN	_	Animacy=Inan|Case=Acc|Gender=Fem|Number=Sing	_	_	_	@lah1929f-words#@lah1929f#3909.158#3909.529
815	правда	правда	ADV	_	Degree=Pos	_	_	_	@lah1929f-words#@lah1929f#3909.864#3910.24
816	?	?	PUNCT	_	_	_	_	_	@lah1929f-words#@lah1929f#3910.24#3910.616
817	оо	оо	INTJ	_	_	_	_	_	@lah1929f-words#@lah1929f#3911.832#3912.276
818	как	как	SCONJ	_	_	_	_	_	@lah1929f-words#@lah1929f#3912.276#3912.72
819	интересно	интересный	ADJ	_	Degree=Pos|Gender=Neut|Number=Sing|Variant=Short	_	_	_	@lah1929f-words#@lah1929f#3912.72#3913.164
820	/	/	PUNCT	_	_	_	_	_	@lah1929f-words#@lah1929f#3913.164#3913.608
821	а	а	CCONJ	_	_	_	_	_	@lah1929f-words#@lah1929f#3913.608#3914.052
822	я	я	PRON	_	Case=Nom|Number=Sing|Person=1	_	_	_	@lah1929f-words#@lah1929f#3914.052#3914.496
823	уверена	уверенный	ADJ	_	Degree=Pos|Gender=Fem|Number=Sing|Variant=Short	_	_	_	@lah1929f-words#@lah1929f#3914.496#3914.94
824	была	быть	AUX	_	Aspect=Imp|Gender=Fem|Mood=Ind|Number=Sing|Tense=Past|VerbForm=Fin|Voice=Act	_	_	_	@lah1929f-words#@lah1929f#3914.94#3915.384
825	что	что	SCONJ	_	_	_	_	_	@lah1929f-words#@lah1929f#3915.384#3915.828
826	она	она	PRON	_	Case=Nom|Gender=Fem|Number=Sing|Person=3	_	_	_	@lah1929f-words#@lah1929f#3915.828#3916.272
827	ведь	ведь	PART	_	_	_	_	_	@lah1929f-words#@lah1929f#3916.272#3916.716
828	шпионка	шпионка	NOUN	_	Animacy=Anim|Case=Nom|Gender=Fem|Number=Sing	_	_	_	@lah1929f-words#@lah1929f#3916.716#3917.16
829	что	что	PRON	_	Case=Acc	_	_	_	@lah1929f-words#@lah1929f#3917.424#3917.721
830	ж	же	PART	_	_	_	_	_	@lah1929f-words#@lah1929f#3917.721#3918.018
831	ей	она	PRON	_	Case=Dat|Gender=Fem|Number=Sing|Person=3	_	_	_	@lah1929f-words#@lah1929f#3918.018#3918.315
832	8	8	NUM	_	_	_	_	_	@lah1929f-words#@lah1929f#3918.315#3918.612
833	лет-то	год	NOUN	_	Animacy=Inan|Case=Gen|Gender=Masc|Number=Plur	_	_	_	@lah1929f-words#@lah1929f#3918.612#3918.909
834	дали	дать	VERB	_	Aspect=Perf|Mood=Ind|Number=Plur|Tense=Past|VerbForm=Fin|Voice=Act	_	_	_	@lah1929f-words#@lah1929f#3919.206#3919.503
835	если	если	SCONJ	_	_	_	_	_	@lah1929f-words#@lah1929f#3919.503#3919.8
836	она	она	PRON	_	Case=Nom|Gender=Fem|Number=Sing|Person=3	_	_	_	@lah1929f-words#@lah1929f#3919.8#3920.097
837	шпионка	шпионка	NOUN	_	Animacy=Anim|Case=Nom|Gender=Fem|Number=Sing	_	_	_	@lah1929f-words#@lah1929f#3920.097#3920.394
838	?	?	PUNCT	_	_	_	_	_	@lah1929f-words#@lah1929f#3920.394#3920.7
839	а	а	CCONJ	_	_	_	_	_	@lah1929f-words#@lah1929f#3921.148#3921.705
840	правда	правда	ADV	_	Degree=Pos	_	_	_	@lah1929f-words#@lah1929f#3921.705#3922.262
841	вот	вот	PART	_	_	_	_	_	@lah1929f-words#@lah1929f#3922.637#3922.994
842	такой	такой	DET	_	Case=Nom|Gender=Masc|Number=Sing	_	_	_	@lah1929f-words#@lah1929f#3922.994#3923.351
843	уровень	уровень	NOUN	_	Animacy=Inan|Case=Nom|Gender=Masc|Number=Sing	_	_	_	@lah1929f-words#@lah1929f#3923.351#3923.708
844	был	быть	VERB	_	Aspect=Imp|Gender=Masc|Mood=Ind|Number=Sing|Tense=Past|VerbForm=Fin|Voice=Act	_	_	_	@lah1929f-words#@lah1929f#3923.708#3924.067
845	да	да	INTJ	_	_	_	_	_	@lah1929f-words#@lah1929f#3924.605#3925.159
846	дала	дать	VERB	_	Aspect=Perf|Gender=Fem|Mood=Ind|Number=Sing|Tense=Past|VerbForm=Fin|Voice=Act	_	_	_	@lah1929f-words#@lah1929f#3925.656#3926.212
847	маме	мама	NOUN	_	Animacy=Anim|Case=Dat|Gender=Fem|Number=Sing	_	_	_	@lah1929f-words#@lah1929f#3926.212#3926.768
848	разрешение	разрешение	NOUN	_	Animacy=Inan|Case=Acc|Gender=Neut|Number=Sing	_	_	_	@lah1929f-words#@lah1929f#3926.768#3927.326
849	мама	мама	NOUN	_	Animacy=Anim|Case=Nom|Gender=Fem|Number=Sing	_	_	_	@lah1929f-words#@lah1929f#3927.326#3927.681
850	приехала	приехать	VERB	_	Aspect=Perf|Gender=Fem|Mood=Ind|Number=Sing|Tense=Past|VerbForm=Fin|Voice=Act	_	_	_	@lah1929f-words#@lah1929f#3927.681#3928.036
851	/	/	PUNCT	_	_	_	_	_	@lah1929f-words#@lah1929f#3928.036#3928.391
852	и	и	CCONJ	_	_	_	_	_	@lah1929f-words#@lah1929f#3928.391#3928.746
853	пришла	прийти	VERB	_	Aspect=Perf|Gender=Fem|Mood=Ind|Number=Sing|Tense=Past|VerbForm=Fin|Voice=Act	_	_	_	@lah1929f-words#@lah1929f#3928.746#3929.101
854	на	на	ADP	_	_	_	_	_	@lah1929f-words#@lah1929f#3929.101#3929.456
855	свидание	свидание	NOUN	_	Animacy=Inan|Case=Acc|Gender=Neut|Number=Sing	_	_	_	@lah1929f-words#@lah1929f#3929.456#3929.811
856	и	и	CCONJ	_	_	_	_	_	@lah1929f-words#@lah1929f#3929.811#3930.166
857	говорит	говорить	VERB	_	Aspect=Imp|Mood=Ind|Number=Sing|Person=3|Tense=Pres|VerbForm=Fin|Voice=Act	_	_	_	@lah1929f-words#@lah1929f#3930.166#3930.521
858	/	/	PUNCT	_	_	_	_	_	@lah1929f-words#@lah1929f#3930.521#3930.876
859	господи	господи	INTJ	_	_	_	_	_	@lah1929f-words#@lah1929f#3930.876#3931.231
860	когда	когда	SCONJ	_	_	_	_	_	@lah1929f-words#@lah1929f#3931.231#3931.586
861	покой	покой	NOUN	_	Animacy=Inan|Case=Nom|Gender=Masc|Number=Sing	_	_	_	@lah1929f-words#@lah1929f#3931.586#3931.941
862	от	от	ADP	_	_	_	_	_	@lah1929f-words#@lah1929f#3931.941#3932.296
863	тебя	ты	PRON	_	Case=Gen|Number=Sing|Person=2	_	_	_	@lah1929f-words#@lah1929f#3932.296#3932.651
864	будет	быть	VERB	_	Aspect=Imp|Mood=Ind|Number=Sing|Person=3|Tense=Pres|VerbForm=Fin|Voice=Act	_	_	_	@lah1929f-words#@lah1929f#3932.651#3933.006
865	?	?	PUNCT	_	_	_	_	_	@lah1929f-words#@lah1929f#3933.006#3933.37
866	а	а	CCONJ	_	_	_	_	_	@lah1929f-words#@lah1929f#3934.034#3934.324
867	что	что	PRON	_	Case=Nom	_	_	_	@lah1929f-words#@lah1929f#3934.324#3934.614
868	такое	такой	PRON	_	Case=Nom|Gender=Neut|Number=Sing	_	_	_	@lah1929f-words#@lah1929f#3934.614#3934.904
869	?	?	PUNCT	_	_	_	_	_	@lah1929f-words#@lah1929f#3934.904#3935.194
870	ну	ну	PART	_	_	_	_	_	@lah1929f-words#@lah1929f#3936.61#3936.895
871	что	что	PRON	_	Case=Nom	_	_	_	@lah1929f-words#@lah1929f#3936.895#3937.18
872	ж	же	PART	_	_	_	_	_	@lah1929f-words#@lah1929f#3937.18#3937.465
873	так	так	ADV	_	Degree=Pos	_	_	_	@lah1929f-words#@lah1929f#3937.465#3937.75
874	хорошо	хорошо	ADV	_	Degree=Pos	_	_	_	@lah1929f-words#@lah1929f#3937.75#3938.035
875	сыграла-то	сыграть	VERB	_	Aspect=Perf|Gender=Fem|Mood=Ind|Number=Sing|Tense=Past|VerbForm=Fin|Voice=Act	_	_	_	@lah1929f-words#@lah1929f#3938.035#3938.32
876	?	?	PUNCT	_	_	_	_	_	@lah1929f-words#@lah1929f#3938.605#3938.894
